date,hour,scenario,smp_pre,smp_post,delta_smp,curtailment
2024-05-16,1,Case_A_zero,63991.63435,63991.63435,0.0,0.0
2024-05-16,2,Case_A_zero,63210.13003,63210.13003,0.0,0.0
2024-05-16,3,Case_A_zero,62921.69588,62921.69588,0.0,0.0
2024-05-16,4,Case_A_zero,62307.997724999994,62307.997724999994,0.0,0.0
2024-05-16,5,Case_A_zero,62307.997724999994,62307.997724999994,0.0,0.0
2024-05-16,6,Case_A_zero,62988.97675,62988.97675,0.0,0.0
2024-05-16,7,Case_A_zero,63377.05336,63377.05336,0.0,0.0
2024-05-16,8,Case_A_zero,64279.372975,64279.372975,0.0,0.0
2024-05-16,9,Case_A_zero,64352.79864,64352.79864,0.0,0.0
2024-05-16,10,Case_A_zero,63313.336890000006,63313.336890000006,0.0,0.0
2024-05-16,11,Case_A_zero,61801.3677275,61801.3677275,0.0,0.0
2024-05-16,12,Case_A_zero,57467.08805,57467.08805,0.0,0.0
2024-05-16,13,Case_A_zero,54459.582630000004,54459.582630000004,0.0,0.0
2024-05-16,14,Case_A_zero,56554.91146,56554.91146,0.0,0.0
2024-05-16,15,Case_A_zero,59473.1599,59473.1599,0.0,0.0
2024-05-16,16,Case_A_zero,62988.97675,62988.97675,0.0,0.0
2024-05-16,17,Case_A_zero,64354.1335575,64354.1335575,0.0,0.0
2024-05-16,18,Case_A_zero,65855.04684,65855.04684,0.0,0.0
2024-05-16,19,Case_A_zero,66612.91226000001,66612.91226000001,0.0,0.0
2024-05-16,20,Case_A_zero,66765.66495,66765.66495,0.0,0.0
2024-05-16,21,Case_A_zero,66745.09354999999,66745.09354999999,0.0,0.0
2024-05-16,22,Case_A_zero,66612.91226000001,66612.91226000001,0.0,0.0
2024-05-16,23,Case_A_zero,66523.2466675,66523.2466675,0.0,0.0
2024-05-16,24,Case_A_zero,65855.04684,65855.04684,0.0,0.0
2024-05-16,1,Case_B_floor,63991.63435,63991.63435,0.0,0.0
2024-05-16,2,Case_B_floor,63210.13003,63210.13003,0.0,0.0
2024-05-16,3,Case_B_floor,62921.69588,62921.69588,0.0,0.0
2024-05-16,4,Case_B_floor,62307.997724999994,62307.997724999994,0.0,0.0
2024-05-16,5,Case_B_floor,62307.997724999994,62307.997724999994,0.0,0.0
2024-05-16,6,Case_B_floor,62988.97675,62988.97675,0.0,0.0
2024-05-16,7,Case_B_floor,63377.05336,63377.05336,0.0,0.0
2024-05-16,8,Case_B_floor,64279.372975,64279.372975,0.0,0.0
2024-05-16,9,Case_B_floor,64352.79864,64352.79864,0.0,0.0
2024-05-16,10,Case_B_floor,63313.336890000006,63313.336890000006,0.0,0.0
2024-05-16,11,Case_B_floor,61801.3677275,61801.3677275,0.0,0.0
2024-05-16,12,Case_B_floor,57467.08805,57467.08805,0.0,0.0
2024-05-16,13,Case_B_floor,54459.582630000004,54459.582630000004,0.0,0.0
2024-05-16,14,Case_B_floor,56554.91146,56554.91146,0.0,0.0
2024-05-16,15,Case_B_floor,59473.1599,59473.1599,0.0,0.0
2024-05-16,16,Case_B_floor,62988.97675,62988.97675,0.0,0.0
2024-05-16,17,Case_B_floor,64354.1335575,64354.1335575,0.0,0.0
2024-05-16,18,Case_B_floor,65855.04684,65855.04684,0.0,0.0
2024-05-16,19,Case_B_floor,66612.91226000001,66612.91226000001,0.0,0.0
2024-05-16,20,Case_B_floor,66765.66495,66765.66495,0.0,0.0
2024-05-16,21,Case_B_floor,66745.09354999999,66745.09354999999,0.0,0.0
2024-05-16,22,Case_B_floor,66612.91226000001,66612.91226000001,0.0,0.0
2024-05-16,23,Case_B_floor,66523.2466675,66523.2466675,0.0,0.0
2024-05-16,24,Case_B_floor,65855.04684,65855.04684,0.0,0.0
2024-05-16,1,Case_C_mixed,63991.63435,63991.63435,0.0,0.0
2024-05-16,2,Case_C_mixed,63210.13003,63210.13003,0.0,0.0
2024-05-16,3,Case_C_mixed,62921.69588,62921.69588,0.0,0.0
2024-05-16,4,Case_C_mixed,62307.997724999994,62307.997724999994,0.0,0.0
2024-05-16,5,Case_C_mixed,62307.997724999994,62307.997724999994,0.0,0.0
2024-05-16,6,Case_C_mixed,62988.97675,62988.97675,0.0,0.0
2024-05-16,7,Case_C_mixed,63377.05336,63377.05336,0.0,0.0
2024-05-16,8,Case_C_mixed,64279.372975,64279.372975,0.0,0.0
2024-05-16,9,Case_C_mixed,64352.79864,64352.79864,0.0,0.0
2024-05-16,10,Case_C_mixed,63313.336890000006,63313.336890000006,0.0,0.0
2024-05-16,11,Case_C_mixed,61801.3677275,61801.3677275,0.0,0.0
2024-05-16,12,Case_C_mixed,57467.08805,57467.08805,0.0,0.0
2024-05-16,13,Case_C_mixed,54459.582630000004,54459.582630000004,0.0,0.0
2024-05-16,14,Case_C_mixed,56554.91146,56554.91146,0.0,0.0
2024-05-16,15,Case_C_mixed,59473.1599,59473.1599,0.0,0.0
2024-05-16,16,Case_C_mixed,62988.97675,62988.97675,0.0,0.0
2024-05-16,17,Case_C_mixed,64354.1335575,64354.1335575,0.0,0.0
2024-05-16,18,Case_C_mixed,65855.04684,65855.04684,0.0,0.0
2024-05-16,19,Case_C_mixed,66612.91226000001,66612.91226000001,0.0,0.0
2024-05-16,20,Case_C_mixed,66765.66495,66765.66495,0.0,0.0
2024-05-16,21,Case_C_mixed,66745.09354999999,66745.09354999999,0.0,0.0
2024-05-16,22,Case_C_mixed,66612.91226000001,66612.91226000001,0.0,0.0
2024-05-16,23,Case_C_mixed,66523.2466675,66523.2466675,0.0,0.0
2024-05-16,24,Case_C_mixed,65855.04684,65855.04684,0.0,0.0
2024-05-16,1,Case_D_conservative,63991.63435,63991.63435,0.0,0.0
2024-05-16,2,Case_D_conservative,63210.13003,63210.13003,0.0,0.0
2024-05-16,3,Case_D_conservative,62921.69588,62921.69588,0.0,0.0
2024-05-16,4,Case_D_conservative,62307.997724999994,62307.997724999994,0.0,0.0
2024-05-16,5,Case_D_conservative,62307.997724999994,62307.997724999994,0.0,0.0
2024-05-16,6,Case_D_conservative,62988.97675,62988.97675,0.0,0.0
2024-05-16,7,Case_D_conservative,63377.05336,63377.05336,0.0,0.0
2024-05-16,8,Case_D_conservative,64279.372975,64279.372975,0.0,0.0
2024-05-16,9,Case_D_conservative,64352.79864,64352.79864,0.0,0.0
2024-05-16,10,Case_D_conservative,63313.336890000006,63313.336890000006,0.0,0.0
2024-05-16,11,Case_D_conservative,61801.3677275,61801.3677275,0.0,0.0
2024-05-16,12,Case_D_conservative,57467.08805,57467.08805,0.0,0.0
2024-05-16,13,Case_D_conservative,54459.582630000004,54459.582630000004,0.0,0.0
2024-05-16,14,Case_D_conservative,56554.91146,56554.91146,0.0,0.0
2024-05-16,15,Case_D_conservative,59473.1599,59473.1599,0.0,0.0
2024-05-16,16,Case_D_conservative,62988.97675,62988.97675,0.0,0.0
2024-05-16,17,Case_D_conservative,64354.1335575,64354.1335575,0.0,0.0
2024-05-16,18,Case_D_conservative,65855.04684,65855.04684,0.0,0.0
2024-05-16,19,Case_D_conservative,66612.91226000001,66612.91226000001,0.0,0.0
2024-05-16,20,Case_D_conservative,66765.66495,66765.66495,0.0,0.0
2024-05-16,21,Case_D_conservative,66745.09354999999,66745.09354999999,0.0,0.0
2024-05-16,22,Case_D_conservative,66612.91226000001,66612.91226000001,0.0,0.0
2024-05-16,23,Case_D_conservative,66523.2466675,66523.2466675,0.0,0.0
2024-05-16,24,Case_D_conservative,65855.04684,65855.04684,0.0,0.0
2024-05-22,1,Case_A_zero,65217.33323999999,65217.33323999999,0.0,0.0
2024-05-22,2,Case_A_zero,64470.99332,64470.99332,0.0,0.0
2024-05-22,3,Case_A_zero,64470.99332,64470.99332,0.0,0.0
2024-05-22,4,Case_A_zero,64470.99332,64470.99332,0.0,0.0
2024-05-22,5,Case_A_zero,64469.47406,64469.47406,0.0,0.0
2024-05-22,6,Case_A_zero,64470.99332,64470.99332,0.0,0.0
2024-05-22,7,Case_A_zero,65124.900499999996,65124.900499999996,0.0,0.0
2024-05-22,8,Case_A_zero,65290.74964,65290.74964,0.0,0.0
2024-05-22,9,Case_A_zero,65855.04684,65855.04684,0.0,0.0
2024-05-22,10,Case_A_zero,65217.33323999999,65217.33323999999,0.0,0.0
2024-05-22,11,Case_A_zero,65124.900499999996,65124.900499999996,0.0,0.0
2024-05-22,12,Case_A_zero,64352.79864,64352.79864,0.0,0.0
2024-05-22,13,Case_A_zero,63313.336890000006,63313.336890000006,0.0,0.0
2024-05-22,14,Case_A_zero,64354.1335575,64354.1335575,0.0,0.0
2024-05-22,15,Case_A_zero,65217.33323999999,65217.33323999999,0.0,0.0
2024-05-22,16,Case_A_zero,66412.9055425,66412.9055425,0.0,0.0
2024-05-22,17,Case_A_zero,66612.91226000001,66612.91226000001,0.0,0.0
2024-05-22,18,Case_A_zero,66412.9055425,66412.9055425,0.0,0.0
2024-05-22,19,Case_A_zero,66293.79273,66293.79273,0.0,0.0
2024-05-22,20,Case_A_zero,66293.79273,66293.79273,0.0,0.0
2024-05-22,21,Case_A_zero,66612.91226000001,66612.91226000001,0.0,0.0
2024-05-22,22,Case_A_zero,66835.54506,66835.54506,0.0,0.0
2024-05-22,23,Case_A_zero,66412.9055425,66412.9055425,0.0,0.0
2024-05-22,24,Case_A_zero,66412.9055425,66412.9055425,0.0,0.0
2024-05-22,1,Case_B_floor,65217.33323999999,65217.33323999999,0.0,0.0
2024-05-22,2,Case_B_floor,64470.99332,64470.99332,0.0,0.0
2024-05-22,3,Case_B_floor,64470.99332,64470.99332,0.0,0.0
2024-05-22,4,Case_B_floor,64470.99332,64470.99332,0.0,0.0
2024-05-22,5,Case_B_floor,64469.47406,64469.47406,0.0,0.0
2024-05-22,6,Case_B_floor,64470.99332,64470.99332,0.0,0.0
2024-05-22,7,Case_B_floor,65124.900499999996,65124.900499999996,0.0,0.0
2024-05-22,8,Case_B_floor,65290.74964,65290.74964,0.0,0.0
2024-05-22,9,Case_B_floor,65855.04684,65855.04684,0.0,0.0
2024-05-22,10,Case_B_floor,65217.33323999999,65217.33323999999,0.0,0.0
2024-05-22,11,Case_B_floor,65124.900499999996,65124.900499999996,0.0,0.0
2024-05-22,12,Case_B_floor,64352.79864,64352.79864,0.0,0.0
2024-05-22,13,Case_B_floor,63313.336890000006,63313.336890000006,0.0,0.0
2024-05-22,14,Case_B_floor,64354.1335575,64354.1335575,0.0,0.0
2024-05-22,15,Case_B_floor,65217.33323999999,65217.33323999999,0.0,0.0
2024-05-22,16,Case_B_floor,66412.9055425,66412.9055425,0.0,0.0
2024-05-22,17,Case_B_floor,66612.91226000001,66612.91226000001,0.0,0.0
2024-05-22,18,Case_B_floor,66412.9055425,66412.9055425,0.0,0.0
2024-05-22,19,Case_B_floor,66293.79273,66293.79273,0.0,0.0
2024-05-22,20,Case_B_floor,66293.79273,66293.79273,0.0,0.0
2024-05-22,21,Case_B_floor,66612.91226000001,66612.91226000001,0.0,0.0
2024-05-22,22,Case_B_floor,66835.54506,66835.54506,0.0,0.0
2024-05-22,23,Case_B_floor,66412.9055425,66412.9055425,0.0,0.0
2024-05-22,24,Case_B_floor,66412.9055425,66412.9055425,0.0,0.0
2024-05-22,1,Case_C_mixed,65217.33323999999,65217.33323999999,0.0,0.0
2024-05-22,2,Case_C_mixed,64470.99332,64470.99332,0.0,0.0
2024-05-22,3,Case_C_mixed,64470.99332,64470.99332,0.0,0.0
2024-05-22,4,Case_C_mixed,64470.99332,64470.99332,0.0,0.0
2024-05-22,5,Case_C_mixed,64469.47406,64469.47406,0.0,0.0
2024-05-22,6,Case_C_mixed,64470.99332,64470.99332,0.0,0.0
2024-05-22,7,Case_C_mixed,65124.900499999996,65124.900499999996,0.0,0.0
2024-05-22,8,Case_C_mixed,65290.74964,65290.74964,0.0,0.0
2024-05-22,9,Case_C_mixed,65855.04684,65855.04684,0.0,0.0
2024-05-22,10,Case_C_mixed,65217.33323999999,65217.33323999999,0.0,0.0
2024-05-22,11,Case_C_mixed,65124.900499999996,65124.900499999996,0.0,0.0
2024-05-22,12,Case_C_mixed,64352.79864,64352.79864,0.0,0.0
2024-05-22,13,Case_C_mixed,63313.336890000006,63313.336890000006,0.0,0.0
2024-05-22,14,Case_C_mixed,64354.1335575,64354.1335575,0.0,0.0
2024-05-22,15,Case_C_mixed,65217.33323999999,65217.33323999999,0.0,0.0
2024-05-22,16,Case_C_mixed,66412.9055425,66412.9055425,0.0,0.0
2024-05-22,17,Case_C_mixed,66612.91226000001,66612.91226000001,0.0,0.0
2024-05-22,18,Case_C_mixed,66412.9055425,66412.9055425,0.0,0.0
2024-05-22,19,Case_C_mixed,66293.79273,66293.79273,0.0,0.0
2024-05-22,20,Case_C_mixed,66293.79273,66293.79273,0.0,0.0
2024-05-22,21,Case_C_mixed,66612.91226000001,66612.91226000001,0.0,0.0
2024-05-22,22,Case_C_mixed,66835.54506,66835.54506,0.0,0.0
2024-05-22,23,Case_C_mixed,66412.9055425,66412.9055425,0.0,0.0
2024-05-22,24,Case_C_mixed,66412.9055425,66412.9055425,0.0,0.0
2024-05-22,1,Case_D_conservative,65217.33323999999,65217.33323999999,0.0,0.0
2024-05-22,2,Case_D_conservative,64470.99332,64470.99332,0.0,0.0
2024-05-22,3,Case_D_conservative,64470.99332,64470.99332,0.0,0.0
2024-05-22,4,Case_D_conservative,64470.99332,64470.99332,0.0,0.0
2024-05-22,5,Case_D_conservative,64469.47406,64469.47406,0.0,0.0
2024-05-22,6,Case_D_conservative,64470.99332,64470.99332,0.0,0.0
2024-05-22,7,Case_D_conservative,65124.900499999996,65124.900499999996,0.0,0.0
2024-05-22,8,Case_D_conservative,65290.74964,65290.74964,0.0,0.0
2024-05-22,9,Case_D_conservative,65855.04684,65855.04684,0.0,0.0
2024-05-22,10,Case_D_conservative,65217.33323999999,65217.33323999999,0.0,0.0
2024-05-22,11,Case_D_conservative,65124.900499999996,65124.900499999996,0.0,0.0
2024-05-22,12,Case_D_conservative,64352.79864,64352.79864,0.0,0.0
2024-05-22,13,Case_D_conservative,63313.336890000006,63313.336890000006,0.0,0.0
2024-05-22,14,Case_D_conservative,64354.1335575,64354.1335575,0.0,0.0
2024-05-22,15,Case_D_conservative,65217.33323999999,65217.33323999999,0.0,0.0
2024-05-22,16,Case_D_conservative,66412.9055425,66412.9055425,0.0,0.0
2024-05-22,17,Case_D_conservative,66612.91226000001,66612.91226000001,0.0,0.0
2024-05-22,18,Case_D_conservative,66412.9055425,66412.9055425,0.0,0.0
2024-05-22,19,Case_D_conservative,66293.79273,66293.79273,0.0,0.0
2024-05-22,20,Case_D_conservative,66293.79273,66293.79273,0.0,0.0
2024-05-22,21,Case_D_conservative,66612.91226000001,66612.91226000001,0.0,0.0
2024-05-22,22,Case_D_conservative,66835.54506,66835.54506,0.0,0.0
2024-05-22,23,Case_D_conservative,66412.9055425,66412.9055425,0.0,0.0
2024-05-22,24,Case_D_conservative,66412.9055425,66412.9055425,0.0,0.0
2024-03-05,1,Case_A_zero,66612.91226000001,66612.91226000001,0.0,0.0
2024-03-05,2,Case_A_zero,65855.04684,65855.04684,0.0,0.0
2024-03-05,3,Case_A_zero,65348.44476,65348.44476,0.0,0.0
2024-03-05,4,Case_A_zero,65364.52329999999,65364.52329999999,0.0,0.0
2024-03-05,5,Case_A_zero,65508.229799999994,65508.229799999994,0.0,0.0
2024-03-05,6,Case_A_zero,66293.79273,66293.79273,0.0,0.0
2024-03-05,7,Case_A_zero,66612.91226000001,66612.91226000001,0.0,0.0
2024-03-05,8,Case_A_zero,66765.66495,66765.66495,0.0,0.0
2024-03-05,9,Case_A_zero,71059.96293,71059.96293,0.0,0.0
2024-03-05,10,Case_A_zero,72248.38717999999,72248.38717999999,0.0,0.0
2024-03-05,11,Case_A_zero,72256.33690000001,72256.33690000001,0.0,0.0
2024-03-05,12,Case_A_zero,71272.47219999999,71272.47219999999,0.0,0.0
2024-03-05,13,Case_A_zero,70197.16453,70197.16453,0.0,0.0
2024-03-05,14,Case_A_zero,71272.47219999999,71272.47219999999,0.0,0.0
2024-03-05,15,Case_A_zero,71167.21381,71167.21381,0.0,0.0
2024-03-05,16,Case_A_zero,71167.21381,71167.21381,0.0,0.0
2024-03-05,17,Case_A_zero,70972.79503000001,70972.79503000001,0.0,0.0
2024-03-05,18,Case_A_zero,68986.48777,68986.48777,0.0,0.0
2024-03-05,19,Case_A_zero,68886.30221,68886.30221,0.0,0.0
2024-03-05,20,Case_A_zero,68049.38346,68049.38346,0.0,0.0
2024-03-05,21,Case_A_zero,66765.66495,66765.66495,0.0,0.0
2024-03-05,22,Case_A_zero,66765.66495,66765.66495,0.0,0.0
2024-03-05,23,Case_A_zero,66612.91226000001,66612.91226000001,0.0,0.0
2024-03-05,24,Case_A_zero,66293.79273,66293.79273,0.0,0.0
2024-03-05,1,Case_B_floor,66612.91226000001,66612.91226000001,0.0,0.0
2024-03-05,2,Case_B_floor,65855.04684,65855.04684,0.0,0.0
2024-03-05,3,Case_B_floor,65348.44476,65348.44476,0.0,0.0
2024-03-05,4,Case_B_floor,65364.52329999999,65364.52329999999,0.0,0.0
2024-03-05,5,Case_B_floor,65508.229799999994,65508.229799999994,0.0,0.0
2024-03-05,6,Case_B_floor,66293.79273,66293.79273,0.0,0.0
2024-03-05,7,Case_B_floor,66612.91226000001,66612.91226000001,0.0,0.0
2024-03-05,8,Case_B_floor,66765.66495,66765.66495,0.0,0.0
2024-03-05,9,Case_B_floor,71059.96293,71059.96293,0.0,0.0
2024-03-05,10,Case_B_floor,72248.38717999999,72248.38717999999,0.0,0.0
2024-03-05,11,Case_B_floor,72256.33690000001,72256.33690000001,0.0,0.0
2024-03-05,12,Case_B_floor,71272.47219999999,71272.47219999999,0.0,0.0
2024-03-05,13,Case_B_floor,70197.16453,70197.16453,0.0,0.0
2024-03-05,14,Case_B_floor,71272.47219999999,71272.47219999999,0.0,0.0
2024-03-05,15,Case_B_floor,71167.21381,71167.21381,0.0,0.0
2024-03-05,16,Case_B_floor,71167.21381,71167.21381,0.0,0.0
2024-03-05,17,Case_B_floor,70972.79503000001,70972.79503000001,0.0,0.0
2024-03-05,18,Case_B_floor,68986.48777,68986.48777,0.0,0.0
2024-03-05,19,Case_B_floor,68886.30221,68886.30221,0.0,0.0
2024-03-05,20,Case_B_floor,68049.38346,68049.38346,0.0,0.0
2024-03-05,21,Case_B_floor,66765.66495,66765.66495,0.0,0.0
2024-03-05,22,Case_B_floor,66765.66495,66765.66495,0.0,0.0
2024-03-05,23,Case_B_floor,66612.91226000001,66612.91226000001,0.0,0.0
2024-03-05,24,Case_B_floor,66293.79273,66293.79273,0.0,0.0
2024-03-05,1,Case_C_mixed,66612.91226000001,66612.91226000001,0.0,0.0
2024-03-05,2,Case_C_mixed,65855.04684,65855.04684,0.0,0.0
2024-03-05,3,Case_C_mixed,65348.44476,65348.44476,0.0,0.0
2024-03-05,4,Case_C_mixed,65364.52329999999,65364.52329999999,0.0,0.0
2024-03-05,5,Case_C_mixed,65508.229799999994,65508.229799999994,0.0,0.0
2024-03-05,6,Case_C_mixed,66293.79273,66293.79273,0.0,0.0
2024-03-05,7,Case_C_mixed,66612.91226000001,66612.91226000001,0.0,0.0
2024-03-05,8,Case_C_mixed,66765.66495,66765.66495,0.0,0.0
2024-03-05,9,Case_C_mixed,71059.96293,71059.96293,0.0,0.0
2024-03-05,10,Case_C_mixed,72248.38717999999,72248.38717999999,0.0,0.0
2024-03-05,11,Case_C_mixed,72256.33690000001,72256.33690000001,0.0,0.0
2024-03-05,12,Case_C_mixed,71272.47219999999,71272.47219999999,0.0,0.0
2024-03-05,13,Case_C_mixed,70197.16453,70197.16453,0.0,0.0
2024-03-05,14,Case_C_mixed,71272.47219999999,71272.47219999999,0.0,0.0
2024-03-05,15,Case_C_mixed,71167.21381,71167.21381,0.0,0.0
2024-03-05,16,Case_C_mixed,71167.21381,71167.21381,0.0,0.0
2024-03-05,17,Case_C_mixed,70972.79503000001,70972.79503000001,0.0,0.0
2024-03-05,18,Case_C_mixed,68986.48777,68986.48777,0.0,0.0
2024-03-05,19,Case_C_mixed,68886.30221,68886.30221,0.0,0.0
2024-03-05,20,Case_C_mixed,68049.38346,68049.38346,0.0,0.0
2024-03-05,21,Case_C_mixed,66765.66495,66765.66495,0.0,0.0
2024-03-05,22,Case_C_mixed,66765.66495,66765.66495,0.0,0.0
2024-03-05,23,Case_C_mixed,66612.91226000001,66612.91226000001,0.0,0.0
2024-03-05,24,Case_C_mixed,66293.79273,66293.79273,0.0,0.0
2024-03-05,1,Case_D_conservative,66612.91226000001,66612.91226000001,0.0,0.0
2024-03-05,2,Case_D_conservative,65855.04684,65855.04684,0.0,0.0
2024-03-05,3,Case_D_conservative,65348.44476,65348.44476,0.0,0.0
2024-03-05,4,Case_D_conservative,65364.52329999999,65364.52329999999,0.0,0.0
2024-03-05,5,Case_D_conservative,65508.229799999994,65508.229799999994,0.0,0.0
2024-03-05,6,Case_D_conservative,66293.79273,66293.79273,0.0,0.0
2024-03-05,7,Case_D_conservative,66612.91226000001,66612.91226000001,0.0,0.0
2024-03-05,8,Case_D_conservative,66765.66495,66765.66495,0.0,0.0
2024-03-05,9,Case_D_conservative,71059.96293,71059.96293,0.0,0.0
2024-03-05,10,Case_D_conservative,72248.38717999999,72248.38717999999,0.0,0.0
2024-03-05,11,Case_D_conservative,72256.33690000001,72256.33690000001,0.0,0.0
2024-03-05,12,Case_D_conservative,71272.47219999999,71272.47219999999,0.0,0.0
2024-03-05,13,Case_D_conservative,70197.16453,70197.16453,0.0,0.0
2024-03-05,14,Case_D_conservative,71272.47219999999,71272.47219999999,0.0,0.0
2024-03-05,15,Case_D_conservative,71167.21381,71167.21381,0.0,0.0
2024-03-05,16,Case_D_conservative,71167.21381,71167.21381,0.0,0.0
2024-03-05,17,Case_D_conservative,70972.79503000001,70972.79503000001,0.0,0.0
2024-03-05,18,Case_D_conservative,68986.48777,68986.48777,0.0,0.0
2024-03-05,19,Case_D_conservative,68886.30221,68886.30221,0.0,0.0
2024-03-05,20,Case_D_conservative,68049.38346,68049.38346,0.0,0.0
2024-03-05,21,Case_D_conservative,66765.66495,66765.66495,0.0,0.0
2024-03-05,22,Case_D_conservative,66765.66495,66765.66495,0.0,0.0
2024-03-05,23,Case_D_conservative,66612.91226000001,66612.91226000001,0.0,0.0
2024-03-05,24,Case_D_conservative,66293.79273,66293.79273,0.0,0.0
2024-06-16,1,Case_A_zero,65205.89132,65205.89132,0.0,0.0
2024-06-16,2,Case_A_zero,64469.47406,64469.47406,0.0,0.0
2024-06-16,3,Case_A_zero,63314.75064,63314.75064,0.0,0.0
2024-06-16,4,Case_A_zero,63263.019779999995,63263.019779999995,0.0,0.0
2024-06-16,5,Case_A_zero,63043.04877,63043.04877,0.0,0.0
2024-06-16,6,Case_A_zero,62988.97675,62988.97675,0.0,0.0
2024-06-16,7,Case_A_zero,62959.18731000001,62959.18731000001,0.0,0.0
2024-06-16,8,Case_A_zero,61742.73887,61742.73887,0.0,0.0
2024-06-16,9,Case_A_zero,57467.08805,57467.08805,0.0,0.0
2024-06-16,10,Case_A_zero,54459.582630000004,54459.582630000004,0.0,0.0
2024-06-16,11,Case_A_zero,53954.6328,53954.6328,0.0,0.0
2024-06-16,12,Case_A_zero,54492.937900000004,54492.937900000004,0.0,0.0
2024-06-16,13,Case_A_zero,54459.582630000004,54459.582630000004,0.0,0.0
2024-06-16,14,Case_A_zero,55809.379,55809.379,0.0,0.0
2024-06-16,15,Case_A_zero,58637.665980000005,58637.665980000005,0.0,0.0
2024-06-16,16,Case_A_zero,61801.3677275,61801.3677275,0.0,0.0
2024-06-16,17,Case_A_zero,63377.05336,63377.05336,0.0,0.0
2024-06-16,18,Case_A_zero,65290.74964,65290.74964,0.0,0.0
2024-06-16,19,Case_A_zero,66412.9055425,66412.9055425,0.0,0.0
2024-06-16,20,Case_A_zero,66612.91226000001,66612.91226000001,0.0,0.0
2024-06-16,21,Case_A_zero,66679.63474000001,66679.63474000001,0.0,0.0
2024-06-16,22,Case_A_zero,66523.2466675,66523.2466675,0.0,0.0
2024-06-16,23,Case_A_zero,65971.60961,65971.60961,0.0,0.0
2024-06-16,24,Case_A_zero,65124.900499999996,65124.900499999996,0.0,0.0
2024-06-16,1,Case_B_floor,65205.89132,65205.89132,0.0,0.0
2024-06-16,2,Case_B_floor,64469.47406,64469.47406,0.0,0.0
2024-06-16,3,Case_B_floor,63314.75064,63314.75064,0.0,0.0
2024-06-16,4,Case_B_floor,63263.019779999995,63263.019779999995,0.0,0.0
2024-06-16,5,Case_B_floor,63043.04877,63043.04877,0.0,0.0
2024-06-16,6,Case_B_floor,62988.97675,62988.97675,0.0,0.0
2024-06-16,7,Case_B_floor,62959.18731000001,62959.18731000001,0.0,0.0
2024-06-16,8,Case_B_floor,61742.73887,61742.73887,0.0,0.0
2024-06-16,9,Case_B_floor,57467.08805,57467.08805,0.0,0.0
2024-06-16,10,Case_B_floor,54459.582630000004,54459.582630000004,0.0,0.0
2024-06-16,11,Case_B_floor,53954.6328,53954.6328,0.0,0.0
2024-06-16,12,Case_B_floor,54492.937900000004,54492.937900000004,0.0,0.0
2024-06-16,13,Case_B_floor,54459.582630000004,54459.582630000004,0.0,0.0
2024-06-16,14,Case_B_floor,55809.379,55809.379,0.0,0.0
2024-06-16,15,Case_B_floor,58637.665980000005,58637.665980000005,0.0,0.0
2024-06-16,16,Case_B_floor,61801.3677275,61801.3677275,0.0,0.0
2024-06-16,17,Case_B_floor,63377.05336,63377.05336,0.0,0.0
2024-06-16,18,Case_B_floor,65290.74964,65290.74964,0.0,0.0
2024-06-16,19,Case_B_floor,66412.9055425,66412.9055425,0.0,0.0
2024-06-16,20,Case_B_floor,66612.91226000001,66612.91226000001,0.0,0.0
2024-06-16,21,Case_B_floor,66679.63474000001,66679.63474000001,0.0,0.0
2024-06-16,22,Case_B_floor,66523.2466675,66523.2466675,0.0,0.0
2024-06-16,23,Case_B_floor,65971.60961,65971.60961,0.0,0.0
2024-06-16,24,Case_B_floor,65124.900499999996,65124.900499999996,0.0,0.0
2024-06-16,1,Case_C_mixed,65205.89132,65205.89132,0.0,0.0
2024-06-16,2,Case_C_mixed,64469.47406,64469.47406,0.0,0.0
2024-06-16,3,Case_C_mixed,63314.75064,63314.75064,0.0,0.0
2024-06-16,4,Case_C_mixed,63263.019779999995,63263.019779999995,0.0,0.0
2024-06-16,5,Case_C_mixed,63043.04877,63043.04877,0.0,0.0
2024-06-16,6,Case_C_mixed,62988.97675,62988.97675,0.0,0.0
2024-06-16,7,Case_C_mixed,62959.18731000001,62959.18731000001,0.0,0.0
2024-06-16,8,Case_C_mixed,61742.73887,61742.73887,0.0,0.0
2024-06-16,9,Case_C_mixed,57467.08805,57467.08805,0.0,0.0
2024-06-16,10,Case_C_mixed,54459.582630000004,54459.582630000004,0.0,0.0
2024-06-16,11,Case_C_mixed,53954.6328,53954.6328,0.0,0.0
2024-06-16,12,Case_C_mixed,54492.937900000004,54492.937900000004,0.0,0.0
2024-06-16,13,Case_C_mixed,54459.582630000004,54459.582630000004,0.0,0.0
2024-06-16,14,Case_C_mixed,55809.379,55809.379,0.0,0.0
2024-06-16,15,Case_C_mixed,58637.665980000005,58637.665980000005,0.0,0.0
2024-06-16,16,Case_C_mixed,61801.3677275,61801.3677275,0.0,0.0
2024-06-16,17,Case_C_mixed,63377.05336,63377.05336,0.0,0.0
2024-06-16,18,Case_C_mixed,65290.74964,65290.74964,0.0,0.0
2024-06-16,19,Case_C_mixed,66412.9055425,66412.9055425,0.0,0.0
2024-06-16,20,Case_C_mixed,66612.91226000001,66612.91226000001,0.0,0.0
2024-06-16,21,Case_C_mixed,66679.63474000001,66679.63474000001,0.0,0.0
2024-06-16,22,Case_C_mixed,66523.2466675,66523.2466675,0.0,0.0
2024-06-16,23,Case_C_mixed,65971.60961,65971.60961,0.0,0.0
2024-06-16,24,Case_C_mixed,65124.900499999996,65124.900499999996,0.0,0.0
2024-06-16,1,Case_D_conservative,65205.89132,65205.89132,0.0,0.0
2024-06-16,2,Case_D_conservative,64469.47406,64469.47406,0.0,0.0
2024-06-16,3,Case_D_conservative,63314.75064,63314.75064,0.0,0.0
2024-06-16,4,Case_D_conservative,63263.019779999995,63263.019779999995,0.0,0.0
2024-06-16,5,Case_D_conservative,63043.04877,63043.04877,0.0,0.0
2024-06-16,6,Case_D_conservative,62988.97675,62988.97675,0.0,0.0
2024-06-16,7,Case_D_conservative,62959.18731000001,62959.18731000001,0.0,0.0
2024-06-16,8,Case_D_conservative,61742.73887,61742.73887,0.0,0.0
2024-06-16,9,Case_D_conservative,57467.08805,57467.08805,0.0,0.0
2024-06-16,10,Case_D_conservative,54459.582630000004,54459.582630000004,0.0,0.0
2024-06-16,11,Case_D_conservative,53954.6328,53954.6328,0.0,0.0
2024-06-16,12,Case_D_conservative,54492.937900000004,54492.937900000004,0.0,0.0
2024-06-16,13,Case_D_conservative,54459.582630000004,54459.582630000004,0.0,0.0
2024-06-16,14,Case_D_conservative,55809.379,55809.379,0.0,0.0
2024-06-16,15,Case_D_conservative,58637.665980000005,58637.665980000005,0.0,0.0
2024-06-16,16,Case_D_conservative,61801.3677275,61801.3677275,0.0,0.0
2024-06-16,17,Case_D_conservative,63377.05336,63377.05336,0.0,0.0
2024-06-16,18,Case_D_conservative,65290.74964,65290.74964,0.0,0.0
2024-06-16,19,Case_D_conservative,66412.9055425,66412.9055425,0.0,0.0
2024-06-16,20,Case_D_conservative,66612.91226000001,66612.91226000001,0.0,0.0
2024-06-16,21,Case_D_conservative,66679.63474000001,66679.63474000001,0.0,0.0
2024-06-16,22,Case_D_conservative,66523.2466675,66523.2466675,0.0,0.0
2024-06-16,23,Case_D_conservative,65971.60961,65971.60961,0.0,0.0
2024-06-16,24,Case_D_conservative,65124.900499999996,65124.900499999996,0.0,0.0
2024-06-21,1,Case_A_zero,66412.9055425,66412.9055425,0.0,0.0
2024-06-21,2,Case_A_zero,65855.04684,65855.04684,0.0,0.0
2024-06-21,3,Case_A_zero,65348.44476,65348.44476,0.0,0.0
2024-06-21,4,Case_A_zero,65124.900499999996,65124.900499999996,0.0,0.0
2024-06-21,5,Case_A_zero,65205.89132,65205.89132,0.0,0.0
2024-06-21,6,Case_A_zero,65205.89132,65205.89132,0.0,0.0
2024-06-21,7,Case_A_zero,65774.5036075,65774.5036075,0.0,0.0
2024-06-21,8,Case_A_zero,66527.30645999999,66527.30645999999,0.0,0.0
2024-06-21,9,Case_A_zero,66835.54506,66835.54506,0.0,0.0
2024-06-21,10,Case_A_zero,66412.9055425,66412.9055425,0.0,0.0
2024-06-21,11,Case_A_zero,66293.79273,66293.79273,0.0,0.0
2024-06-21,12,Case_A_zero,66293.79273,66293.79273,0.0,0.0
2024-06-21,13,Case_A_zero,66903.19558,66903.19558,0.0,0.0
2024-06-21,14,Case_A_zero,66612.91226000001,66612.91226000001,0.0,0.0
2024-06-21,15,Case_A_zero,66835.54506,66835.54506,0.0,0.0
2024-06-21,16,Case_A_zero,66765.66495,66765.66495,0.0,0.0
2024-06-21,17,Case_A_zero,71059.96293,71059.96293,0.0,0.0
2024-06-21,18,Case_A_zero,70972.79503000001,70972.79503000001,0.0,0.0
2024-06-21,19,Case_A_zero,68886.30221,68886.30221,0.0,0.0
2024-06-21,20,Case_A_zero,68886.30221,68886.30221,0.0,0.0
2024-06-21,21,Case_A_zero,68886.30221,68886.30221,0.0,0.0
2024-06-21,22,Case_A_zero,65508.229799999994,65508.229799999994,0.0,0.0
2024-06-21,23,Case_A_zero,66612.91226000001,66612.91226000001,0.0,0.0
2024-06-21,24,Case_A_zero,66293.79273,66293.79273,0.0,0.0
2024-06-21,1,Case_B_floor,66412.9055425,66412.9055425,0.0,0.0
2024-06-21,2,Case_B_floor,65855.04684,65855.04684,0.0,0.0
2024-06-21,3,Case_B_floor,65348.44476,65348.44476,0.0,0.0
2024-06-21,4,Case_B_floor,65124.900499999996,65124.900499999996,0.0,0.0
2024-06-21,5,Case_B_floor,65205.89132,65205.89132,0.0,0.0
2024-06-21,6,Case_B_floor,65205.89132,65205.89132,0.0,0.0
2024-06-21,7,Case_B_floor,65774.5036075,65774.5036075,0.0,0.0
2024-06-21,8,Case_B_floor,66527.30645999999,66527.30645999999,0.0,0.0
2024-06-21,9,Case_B_floor,66835.54506,66835.54506,0.0,0.0
2024-06-21,10,Case_B_floor,66412.9055425,66412.9055425,0.0,0.0
2024-06-21,11,Case_B_floor,66293.79273,66293.79273,0.0,0.0
2024-06-21,12,Case_B_floor,66293.79273,66293.79273,0.0,0.0
2024-06-21,13,Case_B_floor,66903.19558,66903.19558,0.0,0.0
2024-06-21,14,Case_B_floor,66612.91226000001,66612.91226000001,0.0,0.0
2024-06-21,15,Case_B_floor,66835.54506,66835.54506,0.0,0.0
2024-06-21,16,Case_B_floor,66765.66495,66765.66495,0.0,0.0
2024-06-21,17,Case_B_floor,71059.96293,71059.96293,0.0,0.0
2024-06-21,18,Case_B_floor,70972.79503000001,70972.79503000001,0.0,0.0
2024-06-21,19,Case_B_floor,68886.30221,68886.30221,0.0,0.0
2024-06-21,20,Case_B_floor,68886.30221,68886.30221,0.0,0.0
2024-06-21,21,Case_B_floor,68886.30221,68886.30221,0.0,0.0
2024-06-21,22,Case_B_floor,65508.229799999994,65508.229799999994,0.0,0.0
2024-06-21,23,Case_B_floor,66612.91226000001,66612.91226000001,0.0,0.0
2024-06-21,24,Case_B_floor,66293.79273,66293.79273,0.0,0.0
2024-06-21,1,Case_C_mixed,66412.9055425,66412.9055425,0.0,0.0
2024-06-21,2,Case_C_mixed,65855.04684,65855.04684,0.0,0.0
2024-06-21,3,Case_C_mixed,65348.44476,65348.44476,0.0,0.0
2024-06-21,4,Case_C_mixed,65124.900499999996,65124.900499999996,0.0,0.0
2024-06-21,5,Case_C_mixed,65205.89132,65205.89132,0.0,0.0
2024-06-21,6,Case_C_mixed,65205.89132,65205.89132,0.0,0.0
2024-06-21,7,Case_C_mixed,65774.5036075,65774.5036075,0.0,0.0
2024-06-21,8,Case_C_mixed,66527.30645999999,66527.30645999999,0.0,0.0
2024-06-21,9,Case_C_mixed,66835.54506,66835.54506,0.0,0.0
2024-06-21,10,Case_C_mixed,66412.9055425,66412.9055425,0.0,0.0
2024-06-21,11,Case_C_mixed,66293.79273,66293.79273,0.0,0.0
2024-06-21,12,Case_C_mixed,66293.79273,66293.79273,0.0,0.0
2024-06-21,13,Case_C_mixed,66903.19558,66903.19558,0.0,0.0
2024-06-21,14,Case_C_mixed,66612.91226000001,66612.91226000001,0.0,0.0
2024-06-21,15,Case_C_mixed,66835.54506,66835.54506,0.0,0.0
2024-06-21,16,Case_C_mixed,66765.66495,66765.66495,0.0,0.0
2024-06-21,17,Case_C_mixed,71059.96293,71059.96293,0.0,0.0
2024-06-21,18,Case_C_mixed,70972.79503000001,70972.79503000001,0.0,0.0
2024-06-21,19,Case_C_mixed,68886.30221,68886.30221,0.0,0.0
2024-06-21,20,Case_C_mixed,68886.30221,68886.30221,0.0,0.0
2024-06-21,21,Case_C_mixed,68886.30221,68886.30221,0.0,0.0
2024-06-21,22,Case_C_mixed,65508.229799999994,65508.229799999994,0.0,0.0
2024-06-21,23,Case_C_mixed,66612.91226000001,66612.91226000001,0.0,0.0
2024-06-21,24,Case_C_mixed,66293.79273,66293.79273,0.0,0.0
2024-06-21,1,Case_D_conservative,66412.9055425,66412.9055425,0.0,0.0
2024-06-21,2,Case_D_conservative,65855.04684,65855.04684,0.0,0.0
2024-06-21,3,Case_D_conservative,65348.44476,65348.44476,0.0,0.0
2024-06-21,4,Case_D_conservative,65124.900499999996,65124.900499999996,0.0,0.0
2024-06-21,5,Case_D_conservative,65205.89132,65205.89132,0.0,0.0
2024-06-21,6,Case_D_conservative,65205.89132,65205.89132,0.0,0.0
2024-06-21,7,Case_D_conservative,65774.5036075,65774.5036075,0.0,0.0
2024-06-21,8,Case_D_conservative,66527.30645999999,66527.30645999999,0.0,0.0
2024-06-21,9,Case_D_conservative,66835.54506,66835.54506,0.0,0.0
2024-06-21,10,Case_D_conservative,66412.9055425,66412.9055425,0.0,0.0
2024-06-21,11,Case_D_conservative,66293.79273,66293.79273,0.0,0.0
2024-06-21,12,Case_D_conservative,66293.79273,66293.79273,0.0,0.0
2024-06-21,13,Case_D_conservative,66903.19558,66903.19558,0.0,0.0
2024-06-21,14,Case_D_conservative,66612.91226000001,66612.91226000001,0.0,0.0
2024-06-21,15,Case_D_conservative,66835.54506,66835.54506,0.0,0.0
2024-06-21,16,Case_D_conservative,66765.66495,66765.66495,0.0,0.0
2024-06-21,17,Case_D_conservative,71059.96293,71059.96293,0.0,0.0
2024-06-21,18,Case_D_conservative,70972.79503000001,70972.79503000001,0.0,0.0
2024-06-21,19,Case_D_conservative,68886.30221,68886.30221,0.0,0.0
2024-06-21,20,Case_D_conservative,68886.30221,68886.30221,0.0,0.0
2024-06-21,21,Case_D_conservative,68886.30221,68886.30221,0.0,0.0
2024-06-21,22,Case_D_conservative,65508.229799999994,65508.229799999994,0.0,0.0
2024-06-21,23,Case_D_conservative,66612.91226000001,66612.91226000001,0.0,0.0
2024-06-21,24,Case_D_conservative,66293.79273,66293.79273,0.0,0.0
2024-08-20,1,Case_A_zero,66835.54506,66835.54506,0.0,0.0
2024-08-20,2,Case_A_zero,66835.54506,66835.54506,0.0,0.0
2024-08-20,3,Case_A_zero,66293.79273,66293.79273,0.0,0.0
2024-08-20,4,Case_A_zero,66765.66495,66765.66495,0.0,0.0
2024-08-20,5,Case_A_zero,66612.91226000001,66612.91226000001,0.0,0.0
2024-08-20,6,Case_A_zero,66293.79273,66293.79273,0.0,0.0
2024-08-20,7,Case_A_zero,65855.04684,65855.04684,0.0,0.0
2024-08-20,8,Case_A_zero,68886.30221,68886.30221,0.0,0.0
2024-08-20,9,Case_A_zero,73136.12487249999,73136.12487249999,0.0,0.0
2024-08-20,10,Case_A_zero,74592.17576499999,74592.17576499999,0.0,0.0
2024-08-20,11,Case_A_zero,73876.48300000001,73876.48300000001,0.0,0.0
2024-08-20,12,Case_A_zero,75031.7316,75031.7316,0.0,0.0
2024-08-20,13,Case_A_zero,74030.87952,74030.87952,0.0,0.0
2024-08-20,14,Case_A_zero,72972.09455000001,72972.09455000001,0.0,0.0
2024-08-20,15,Case_A_zero,76138.3872,76138.3872,0.0,0.0
2024-08-20,16,Case_A_zero,78434.19435,78434.19435,0.0,0.0
2024-08-20,17,Case_A_zero,78062.22496249998,78062.22496249998,0.0,0.0
2024-08-20,18,Case_A_zero,78062.22496249998,78062.22496249998,0.0,0.0
2024-08-20,19,Case_A_zero,77597.60689000001,77597.60689000001,0.0,0.0
2024-08-20,20,Case_A_zero,77470.31003000001,77470.31003000001,0.0,0.0
2024-08-20,21,Case_A_zero,75031.7316,75031.7316,0.0,0.0
2024-08-20,22,Case_A_zero,73136.12487249999,73136.12487249999,0.0,0.0
2024-08-20,23,Case_A_zero,74030.87952,74030.87952,0.0,0.0
2024-08-20,24,Case_A_zero,71167.21381,71167.21381,0.0,0.0
2024-08-20,1,Case_B_floor,66835.54506,66835.54506,0.0,0.0
2024-08-20,2,Case_B_floor,66835.54506,66835.54506,0.0,0.0
2024-08-20,3,Case_B_floor,66293.79273,66293.79273,0.0,0.0
2024-08-20,4,Case_B_floor,66765.66495,66765.66495,0.0,0.0
2024-08-20,5,Case_B_floor,66612.91226000001,66612.91226000001,0.0,0.0
2024-08-20,6,Case_B_floor,66293.79273,66293.79273,0.0,0.0
2024-08-20,7,Case_B_floor,65855.04684,65855.04684,0.0,0.0
2024-08-20,8,Case_B_floor,68886.30221,68886.30221,0.0,0.0
2024-08-20,9,Case_B_floor,73136.12487249999,73136.12487249999,0.0,0.0
2024-08-20,10,Case_B_floor,74592.17576499999,74592.17576499999,0.0,0.0
2024-08-20,11,Case_B_floor,73876.48300000001,73876.48300000001,0.0,0.0
2024-08-20,12,Case_B_floor,75031.7316,75031.7316,0.0,0.0
2024-08-20,13,Case_B_floor,74030.87952,74030.87952,0.0,0.0
2024-08-20,14,Case_B_floor,72972.09455000001,72972.09455000001,0.0,0.0
2024-08-20,15,Case_B_floor,76138.3872,76138.3872,0.0,0.0
2024-08-20,16,Case_B_floor,78434.19435,78434.19435,0.0,0.0
2024-08-20,17,Case_B_floor,78062.22496249998,78062.22496249998,0.0,0.0
2024-08-20,18,Case_B_floor,78062.22496249998,78062.22496249998,0.0,0.0
2024-08-20,19,Case_B_floor,77597.60689000001,77597.60689000001,0.0,0.0
2024-08-20,20,Case_B_floor,77470.31003000001,77470.31003000001,0.0,0.0
2024-08-20,21,Case_B_floor,75031.7316,75031.7316,0.0,0.0
2024-08-20,22,Case_B_floor,73136.12487249999,73136.12487249999,0.0,0.0
2024-08-20,23,Case_B_floor,74030.87952,74030.87952,0.0,0.0
2024-08-20,24,Case_B_floor,71167.21381,71167.21381,0.0,0.0
2024-08-20,1,Case_C_mixed,66835.54506,66835.54506,0.0,0.0
2024-08-20,2,Case_C_mixed,66835.54506,66835.54506,0.0,0.0
2024-08-20,3,Case_C_mixed,66293.79273,66293.79273,0.0,0.0
2024-08-20,4,Case_C_mixed,66765.66495,66765.66495,0.0,0.0
2024-08-20,5,Case_C_mixed,66612.91226000001,66612.91226000001,0.0,0.0
2024-08-20,6,Case_C_mixed,66293.79273,66293.79273,0.0,0.0
2024-08-20,7,Case_C_mixed,65855.04684,65855.04684,0.0,0.0
2024-08-20,8,Case_C_mixed,68886.30221,68886.30221,0.0,0.0
2024-08-20,9,Case_C_mixed,73136.12487249999,73136.12487249999,0.0,0.0
2024-08-20,10,Case_C_mixed,74592.17576499999,74592.17576499999,0.0,0.0
2024-08-20,11,Case_C_mixed,73876.48300000001,73876.48300000001,0.0,0.0
2024-08-20,12,Case_C_mixed,75031.7316,75031.7316,0.0,0.0
2024-08-20,13,Case_C_mixed,74030.87952,74030.87952,0.0,0.0
2024-08-20,14,Case_C_mixed,72972.09455000001,72972.09455000001,0.0,0.0
2024-08-20,15,Case_C_mixed,76138.3872,76138.3872,0.0,0.0
2024-08-20,16,Case_C_mixed,78434.19435,78434.19435,0.0,0.0
2024-08-20,17,Case_C_mixed,78062.22496249998,78062.22496249998,0.0,0.0
2024-08-20,18,Case_C_mixed,78062.22496249998,78062.22496249998,0.0,0.0
2024-08-20,19,Case_C_mixed,77597.60689000001,77597.60689000001,0.0,0.0
2024-08-20,20,Case_C_mixed,77470.31003000001,77470.31003000001,0.0,0.0
2024-08-20,21,Case_C_mixed,75031.7316,75031.7316,0.0,0.0
2024-08-20,22,Case_C_mixed,73136.12487249999,73136.12487249999,0.0,0.0
2024-08-20,23,Case_C_mixed,74030.87952,74030.87952,0.0,0.0
2024-08-20,24,Case_C_mixed,71167.21381,71167.21381,0.0,0.0
2024-08-20,1,Case_D_conservative,66835.54506,66835.54506,0.0,0.0
2024-08-20,2,Case_D_conservative,66835.54506,66835.54506,0.0,0.0
2024-08-20,3,Case_D_conservative,66293.79273,66293.79273,0.0,0.0
2024-08-20,4,Case_D_conservative,66765.66495,66765.66495,0.0,0.0
2024-08-20,5,Case_D_conservative,66612.91226000001,66612.91226000001,0.0,0.0
2024-08-20,6,Case_D_conservative,66293.79273,66293.79273,0.0,0.0
2024-08-20,7,Case_D_conservative,65855.04684,65855.04684,0.0,0.0
2024-08-20,8,Case_D_conservative,68886.30221,68886.30221,0.0,0.0
2024-08-20,9,Case_D_conservative,73136.12487249999,73136.12487249999,0.0,0.0
2024-08-20,10,Case_D_conservative,74592.17576499999,74592.17576499999,0.0,0.0
2024-08-20,11,Case_D_conservative,73876.48300000001,73876.48300000001,0.0,0.0
2024-08-20,12,Case_D_conservative,75031.7316,75031.7316,0.0,0.0
2024-08-20,13,Case_D_conservative,74030.87952,74030.87952,0.0,0.0
2024-08-20,14,Case_D_conservative,72972.09455000001,72972.09455000001,0.0,0.0
2024-08-20,15,Case_D_conservative,76138.3872,76138.3872,0.0,0.0
2024-08-20,16,Case_D_conservative,78434.19435,78434.19435,0.0,0.0
2024-08-20,17,Case_D_conservative,78062.22496249998,78062.22496249998,0.0,0.0
2024-08-20,18,Case_D_conservative,78062.22496249998,78062.22496249998,0.0,0.0
2024-08-20,19,Case_D_conservative,77597.60689000001,77597.60689000001,0.0,0.0
2024-08-20,20,Case_D_conservative,77470.31003000001,77470.31003000001,0.0,0.0
2024-08-20,21,Case_D_conservative,75031.7316,75031.7316,0.0,0.0
2024-08-20,22,Case_D_conservative,73136.12487249999,73136.12487249999,0.0,0.0
2024-08-20,23,Case_D_conservative,74030.87952,74030.87952,0.0,0.0
2024-08-20,24,Case_D_conservative,71167.21381,71167.21381,0.0,0.0
2024-10-20,1,Case_A_zero,63313.336890000006,63313.336890000006,0.0,0.0
2024-10-20,2,Case_A_zero,61742.73887,61742.73887,0.0,0.0
2024-10-20,3,Case_A_zero,60421.45952,60421.45952,0.0,0.0
2024-10-20,4,Case_A_zero,59473.1599,59473.1599,0.0,0.0
2024-10-20,5,Case_A_zero,59473.1599,59473.1599,0.0,0.0
2024-10-20,6,Case_A_zero,60421.45952,60421.45952,0.0,0.0
2024-10-20,7,Case_A_zero,62307.997724999994,62307.997724999994,0.0,0.0
2024-10-20,8,Case_A_zero,60873.515739999995,60873.515739999995,0.0,0.0
2024-10-20,9,Case_A_zero,55758.07826,55758.07826,0.0,0.0
2024-10-20,10,Case_A_zero,52931.9297,52931.9297,0.0,0.0
2024-10-20,11,Case_A_zero,51729.35506,51729.35506,0.0,0.0
2024-10-20,12,Case_A_zero,51015.245339999994,51015.245339999994,0.0,0.0
2024-10-20,13,Case_A_zero,51675.75495,51675.75495,0.0,0.0
2024-10-20,14,Case_A_zero,53824.47096,53824.47096,0.0,0.0
2024-10-20,15,Case_A_zero,53824.47096,53824.47096,0.0,0.0
2024-10-20,16,Case_A_zero,59368.83916,59368.83916,0.0,0.0
2024-10-20,17,Case_A_zero,63210.13003,63210.13003,0.0,0.0
2024-10-20,18,Case_A_zero,64469.47406,64469.47406,0.0,0.0
2024-10-20,19,Case_A_zero,65205.89132,65205.89132,0.0,0.0
2024-10-20,20,Case_A_zero,65205.89132,65205.89132,0.0,0.0
2024-10-20,21,Case_A_zero,65124.900499999996,65124.900499999996,0.0,0.0
2024-10-20,22,Case_A_zero,64872.72846,64872.72846,0.0,0.0
2024-10-20,23,Case_A_zero,64469.47406,64469.47406,0.0,0.0
2024-10-20,24,Case_A_zero,64028.81572,64028.81572,0.0,0.0
2024-10-20,1,Case_B_floor,63313.336890000006,63313.336890000006,0.0,0.0
2024-10-20,2,Case_B_floor,61742.73887,61742.73887,0.0,0.0
2024-10-20,3,Case_B_floor,60421.45952,60421.45952,0.0,0.0
2024-10-20,4,Case_B_floor,59473.1599,59473.1599,0.0,0.0
2024-10-20,5,Case_B_floor,59473.1599,59473.1599,0.0,0.0
2024-10-20,6,Case_B_floor,60421.45952,60421.45952,0.0,0.0
2024-10-20,7,Case_B_floor,62307.997724999994,62307.997724999994,0.0,0.0
2024-10-20,8,Case_B_floor,60873.515739999995,60873.515739999995,0.0,0.0
2024-10-20,9,Case_B_floor,55758.07826,55758.07826,0.0,0.0
2024-10-20,10,Case_B_floor,52931.9297,52931.9297,0.0,0.0
2024-10-20,11,Case_B_floor,51729.35506,51729.35506,0.0,0.0
2024-10-20,12,Case_B_floor,51015.245339999994,51015.245339999994,0.0,0.0
2024-10-20,13,Case_B_floor,51675.75495,51675.75495,0.0,0.0
2024-10-20,14,Case_B_floor,53824.47096,53824.47096,0.0,0.0
2024-10-20,15,Case_B_floor,53824.47096,53824.47096,0.0,0.0
2024-10-20,16,Case_B_floor,59368.83916,59368.83916,0.0,0.0
2024-10-20,17,Case_B_floor,63210.13003,63210.13003,0.0,0.0
2024-10-20,18,Case_B_floor,64469.47406,64469.47406,0.0,0.0
2024-10-20,19,Case_B_floor,65205.89132,65205.89132,0.0,0.0
2024-10-20,20,Case_B_floor,65205.89132,65205.89132,0.0,0.0
2024-10-20,21,Case_B_floor,65124.900499999996,65124.900499999996,0.0,0.0
2024-10-20,22,Case_B_floor,64872.72846,64872.72846,0.0,0.0
2024-10-20,23,Case_B_floor,64469.47406,64469.47406,0.0,0.0
2024-10-20,24,Case_B_floor,64028.81572,64028.81572,0.0,0.0
2024-10-20,1,Case_C_mixed,63313.336890000006,63313.336890000006,0.0,0.0
2024-10-20,2,Case_C_mixed,61742.73887,61742.73887,0.0,0.0
2024-10-20,3,Case_C_mixed,60421.45952,60421.45952,0.0,0.0
2024-10-20,4,Case_C_mixed,59473.1599,59473.1599,0.0,0.0
2024-10-20,5,Case_C_mixed,59473.1599,59473.1599,0.0,0.0
2024-10-20,6,Case_C_mixed,60421.45952,60421.45952,0.0,0.0
2024-10-20,7,Case_C_mixed,62307.997724999994,62307.997724999994,0.0,0.0
2024-10-20,8,Case_C_mixed,60873.515739999995,60873.515739999995,0.0,0.0
2024-10-20,9,Case_C_mixed,55758.07826,55758.07826,0.0,0.0
2024-10-20,10,Case_C_mixed,52931.9297,52931.9297,0.0,0.0
2024-10-20,11,Case_C_mixed,51729.35506,51729.35506,0.0,0.0
2024-10-20,12,Case_C_mixed,51015.245339999994,51015.245339999994,0.0,0.0
2024-10-20,13,Case_C_mixed,51675.75495,51675.75495,0.0,0.0
2024-10-20,14,Case_C_mixed,53824.47096,53824.47096,0.0,0.0
2024-10-20,15,Case_C_mixed,53824.47096,53824.47096,0.0,0.0
2024-10-20,16,Case_C_mixed,59368.83916,59368.83916,0.0,0.0
2024-10-20,17,Case_C_mixed,63210.13003,63210.13003,0.0,0.0
2024-10-20,18,Case_C_mixed,64469.47406,64469.47406,0.0,0.0
2024-10-20,19,Case_C_mixed,65205.89132,65205.89132,0.0,0.0
2024-10-20,20,Case_C_mixed,65205.89132,65205.89132,0.0,0.0
2024-10-20,21,Case_C_mixed,65124.900499999996,65124.900499999996,0.0,0.0
2024-10-20,22,Case_C_mixed,64872.72846,64872.72846,0.0,0.0
2024-10-20,23,Case_C_mixed,64469.47406,64469.47406,0.0,0.0
2024-10-20,24,Case_C_mixed,64028.81572,64028.81572,0.0,0.0
2024-10-20,1,Case_D_conservative,63313.336890000006,63313.336890000006,0.0,0.0
2024-10-20,2,Case_D_conservative,61742.73887,61742.73887,0.0,0.0
2024-10-20,3,Case_D_conservative,60421.45952,60421.45952,0.0,0.0
2024-10-20,4,Case_D_conservative,59473.1599,59473.1599,0.0,0.0
2024-10-20,5,Case_D_conservative,59473.1599,59473.1599,0.0,0.0
2024-10-20,6,Case_D_conservative,60421.45952,60421.45952,0.0,0.0
2024-10-20,7,Case_D_conservative,62307.997724999994,62307.997724999994,0.0,0.0
2024-10-20,8,Case_D_conservative,60873.515739999995,60873.515739999995,0.0,0.0
2024-10-20,9,Case_D_conservative,55758.07826,55758.07826,0.0,0.0
2024-10-20,10,Case_D_conservative,52931.9297,52931.9297,0.0,0.0
2024-10-20,11,Case_D_conservative,51729.35506,51729.35506,0.0,0.0
2024-10-20,12,Case_D_conservative,51015.245339999994,51015.245339999994,0.0,0.0
2024-10-20,13,Case_D_conservative,51675.75495,51675.75495,0.0,0.0
2024-10-20,14,Case_D_conservative,53824.47096,53824.47096,0.0,0.0
2024-10-20,15,Case_D_conservative,53824.47096,53824.47096,0.0,0.0
2024-10-20,16,Case_D_conservative,59368.83916,59368.83916,0.0,0.0
2024-10-20,17,Case_D_conservative,63210.13003,63210.13003,0.0,0.0
2024-10-20,18,Case_D_conservative,64469.47406,64469.47406,0.0,0.0
2024-10-20,19,Case_D_conservative,65205.89132,65205.89132,0.0,0.0
2024-10-20,20,Case_D_conservative,65205.89132,65205.89132,0.0,0.0
2024-10-20,21,Case_D_conservative,65124.900499999996,65124.900499999996,0.0,0.0
2024-10-20,22,Case_D_conservative,64872.72846,64872.72846,0.0,0.0
2024-10-20,23,Case_D_conservative,64469.47406,64469.47406,0.0,0.0
2024-10-20,24,Case_D_conservative,64028.81572,64028.81572,0.0,0.0
2024-10-25,1,Case_A_zero,65124.900499999996,65124.900499999996,0.0,0.0
2024-10-25,2,Case_A_zero,64470.99332,64470.99332,0.0,0.0
2024-10-25,3,Case_A_zero,64100.113582499995,64100.113582499995,0.0,0.0
2024-10-25,4,Case_A_zero,63377.05336,63377.05336,0.0,0.0
2024-10-25,5,Case_A_zero,64028.81572,64028.81572,0.0,0.0
2024-10-25,6,Case_A_zero,64470.99332,64470.99332,0.0,0.0
2024-10-25,7,Case_A_zero,65217.33323999999,65217.33323999999,0.0,0.0
2024-10-25,8,Case_A_zero,65971.60961,65971.60961,0.0,0.0
2024-10-25,9,Case_A_zero,65855.04684,65855.04684,0.0,0.0
2024-10-25,10,Case_A_zero,65040.24864,65040.24864,0.0,0.0
2024-10-25,11,Case_A_zero,64469.47406,64469.47406,0.0,0.0
2024-10-25,12,Case_A_zero,63313.336890000006,63313.336890000006,0.0,0.0
2024-10-25,13,Case_A_zero,63210.13003,63210.13003,0.0,0.0
2024-10-25,14,Case_A_zero,65040.24864,65040.24864,0.0,0.0
2024-10-25,15,Case_A_zero,65855.04684,65855.04684,0.0,0.0
2024-10-25,16,Case_A_zero,66679.63474000001,66679.63474000001,0.0,0.0
2024-10-25,17,Case_A_zero,66612.91226000001,66612.91226000001,0.0,0.0
2024-10-25,18,Case_A_zero,66765.66495,66765.66495,0.0,0.0
2024-10-25,19,Case_A_zero,66293.79273,66293.79273,0.0,0.0
2024-10-25,20,Case_A_zero,66293.79273,66293.79273,0.0,0.0
2024-10-25,21,Case_A_zero,66745.09354999999,66745.09354999999,0.0,0.0
2024-10-25,22,Case_A_zero,66612.91226000001,66612.91226000001,0.0,0.0
2024-10-25,23,Case_A_zero,66523.2466675,66523.2466675,0.0,0.0
2024-10-25,24,Case_A_zero,65855.04684,65855.04684,0.0,0.0
2024-10-25,1,Case_B_floor,65124.900499999996,65124.900499999996,0.0,0.0
2024-10-25,2,Case_B_floor,64470.99332,64470.99332,0.0,0.0
2024-10-25,3,Case_B_floor,64100.113582499995,64100.113582499995,0.0,0.0
2024-10-25,4,Case_B_floor,63377.05336,63377.05336,0.0,0.0
2024-10-25,5,Case_B_floor,64028.81572,64028.81572,0.0,0.0
2024-10-25,6,Case_B_floor,64470.99332,64470.99332,0.0,0.0
2024-10-25,7,Case_B_floor,65217.33323999999,65217.33323999999,0.0,0.0
2024-10-25,8,Case_B_floor,65971.60961,65971.60961,0.0,0.0
2024-10-25,9,Case_B_floor,65855.04684,65855.04684,0.0,0.0
2024-10-25,10,Case_B_floor,65040.24864,65040.24864,0.0,0.0
2024-10-25,11,Case_B_floor,64469.47406,64469.47406,0.0,0.0
2024-10-25,12,Case_B_floor,63313.336890000006,63313.336890000006,0.0,0.0
2024-10-25,13,Case_B_floor,63210.13003,63210.13003,0.0,0.0
2024-10-25,14,Case_B_floor,65040.24864,65040.24864,0.0,0.0
2024-10-25,15,Case_B_floor,65855.04684,65855.04684,0.0,0.0
2024-10-25,16,Case_B_floor,66679.63474000001,66679.63474000001,0.0,0.0
2024-10-25,17,Case_B_floor,66612.91226000001,66612.91226000001,0.0,0.0
2024-10-25,18,Case_B_floor,66765.66495,66765.66495,0.0,0.0
2024-10-25,19,Case_B_floor,66293.79273,66293.79273,0.0,0.0
2024-10-25,20,Case_B_floor,66293.79273,66293.79273,0.0,0.0
2024-10-25,21,Case_B_floor,66745.09354999999,66745.09354999999,0.0,0.0
2024-10-25,22,Case_B_floor,66612.91226000001,66612.91226000001,0.0,0.0
2024-10-25,23,Case_B_floor,66523.2466675,66523.2466675,0.0,0.0
2024-10-25,24,Case_B_floor,65855.04684,65855.04684,0.0,0.0
2024-10-25,1,Case_C_mixed,65124.900499999996,65124.900499999996,0.0,0.0
2024-10-25,2,Case_C_mixed,64470.99332,64470.99332,0.0,0.0
2024-10-25,3,Case_C_mixed,64100.113582499995,64100.113582499995,0.0,0.0
2024-10-25,4,Case_C_mixed,63377.05336,63377.05336,0.0,0.0
2024-10-25,5,Case_C_mixed,64028.81572,64028.81572,0.0,0.0
2024-10-25,6,Case_C_mixed,64470.99332,64470.99332,0.0,0.0
2024-10-25,7,Case_C_mixed,65217.33323999999,65217.33323999999,0.0,0.0
2024-10-25,8,Case_C_mixed,65971.60961,65971.60961,0.0,0.0
2024-10-25,9,Case_C_mixed,65855.04684,65855.04684,0.0,0.0
2024-10-25,10,Case_C_mixed,65040.24864,65040.24864,0.0,0.0
2024-10-25,11,Case_C_mixed,64469.47406,64469.47406,0.0,0.0
2024-10-25,12,Case_C_mixed,63313.336890000006,63313.336890000006,0.0,0.0
2024-10-25,13,Case_C_mixed,63210.13003,63210.13003,0.0,0.0
2024-10-25,14,Case_C_mixed,65040.24864,65040.24864,0.0,0.0
2024-10-25,15,Case_C_mixed,65855.04684,65855.04684,0.0,0.0
2024-10-25,16,Case_C_mixed,66679.63474000001,66679.63474000001,0.0,0.0
2024-10-25,17,Case_C_mixed,66612.91226000001,66612.91226000001,0.0,0.0
2024-10-25,18,Case_C_mixed,66765.66495,66765.66495,0.0,0.0
2024-10-25,19,Case_C_mixed,66293.79273,66293.79273,0.0,0.0
2024-10-25,20,Case_C_mixed,66293.79273,66293.79273,0.0,0.0
2024-10-25,21,Case_C_mixed,66745.09354999999,66745.09354999999,0.0,0.0
2024-10-25,22,Case_C_mixed,66612.91226000001,66612.91226000001,0.0,0.0
2024-10-25,23,Case_C_mixed,66523.2466675,66523.2466675,0.0,0.0
2024-10-25,24,Case_C_mixed,65855.04684,65855.04684,0.0,0.0
2024-10-25,1,Case_D_conservative,65124.900499999996,65124.900499999996,0.0,0.0
2024-10-25,2,Case_D_conservative,64470.99332,64470.99332,0.0,0.0
2024-10-25,3,Case_D_conservative,64100.113582499995,64100.113582499995,0.0,0.0
2024-10-25,4,Case_D_conservative,63377.05336,63377.05336,0.0,0.0
2024-10-25,5,Case_D_conservative,64028.81572,64028.81572,0.0,0.0
2024-10-25,6,Case_D_conservative,64470.99332,64470.99332,0.0,0.0
2024-10-25,7,Case_D_conservative,65217.33323999999,65217.33323999999,0.0,0.0
2024-10-25,8,Case_D_conservative,65971.60961,65971.60961,0.0,0.0
2024-10-25,9,Case_D_conservative,65855.04684,65855.04684,0.0,0.0
2024-10-25,10,Case_D_conservative,65040.24864,65040.24864,0.0,0.0
2024-10-25,11,Case_D_conservative,64469.47406,64469.47406,0.0,0.0
2024-10-25,12,Case_D_conservative,63313.336890000006,63313.336890000006,0.0,0.0
2024-10-25,13,Case_D_conservative,63210.13003,63210.13003,0.0,0.0
2024-10-25,14,Case_D_conservative,65040.24864,65040.24864,0.0,0.0
2024-10-25,15,Case_D_conservative,65855.04684,65855.04684,0.0,0.0
2024-10-25,16,Case_D_conservative,66679.63474000001,66679.63474000001,0.0,0.0
2024-10-25,17,Case_D_conservative,66612.91226000001,66612.91226000001,0.0,0.0
2024-10-25,18,Case_D_conservative,66765.66495,66765.66495,0.0,0.0
2024-10-25,19,Case_D_conservative,66293.79273,66293.79273,0.0,0.0
2024-10-25,20,Case_D_conservative,66293.79273,66293.79273,0.0,0.0
2024-10-25,21,Case_D_conservative,66745.09354999999,66745.09354999999,0.0,0.0
2024-10-25,22,Case_D_conservative,66612.91226000001,66612.91226000001,0.0,0.0
2024-10-25,23,Case_D_conservative,66523.2466675,66523.2466675,0.0,0.0
2024-10-25,24,Case_D_conservative,65855.04684,65855.04684,0.0,0.0
2024-09-11,1,Case_A_zero,65855.04684,65855.04684,0.0,0.0
2024-09-11,2,Case_A_zero,66612.91226000001,66612.91226000001,0.0,0.0
2024-09-11,3,Case_A_zero,66835.54506,66835.54506,0.0,0.0
2024-09-11,4,Case_A_zero,66745.09354999999,66745.09354999999,0.0,0.0
2024-09-11,5,Case_A_zero,66612.91226000001,66612.91226000001,0.0,0.0
2024-09-11,6,Case_A_zero,66612.91226000001,66612.91226000001,0.0,0.0
2024-09-11,7,Case_A_zero,66765.66495,66765.66495,0.0,0.0
2024-09-11,8,Case_A_zero,66835.54506,66835.54506,0.0,0.0
2024-09-11,9,Case_A_zero,72256.33690000001,72256.33690000001,0.0,0.0
2024-09-11,10,Case_A_zero,74592.17576499999,74592.17576499999,0.0,0.0
2024-09-11,11,Case_A_zero,74030.87952,74030.87952,0.0,0.0
2024-09-11,12,Case_A_zero,75031.7316,75031.7316,0.0,0.0
2024-09-11,13,Case_A_zero,74592.17576499999,74592.17576499999,0.0,0.0
2024-09-11,14,Case_A_zero,74030.87952,74030.87952,0.0,0.0
2024-09-11,15,Case_A_zero,73876.48300000001,73876.48300000001,0.0,0.0
2024-09-11,16,Case_A_zero,75660.48887,75660.48887,0.0,0.0
2024-09-11,17,Case_A_zero,75031.7316,75031.7316,0.0,0.0
2024-09-11,18,Case_A_zero,75031.7316,75031.7316,0.0,0.0
2024-09-11,19,Case_A_zero,73876.48300000001,73876.48300000001,0.0,0.0
2024-09-11,20,Case_A_zero,73356.347985,73356.347985,0.0,0.0
2024-09-11,21,Case_A_zero,74116.92673,74116.92673,0.0,0.0
2024-09-11,22,Case_A_zero,73356.347985,73356.347985,0.0,0.0
2024-09-11,23,Case_A_zero,71167.21381,71167.21381,0.0,0.0
2024-09-11,24,Case_A_zero,68049.38346,68049.38346,0.0,0.0
2024-09-11,1,Case_B_floor,65855.04684,65855.04684,0.0,0.0
2024-09-11,2,Case_B_floor,66612.91226000001,66612.91226000001,0.0,0.0
2024-09-11,3,Case_B_floor,66835.54506,66835.54506,0.0,0.0
2024-09-11,4,Case_B_floor,66745.09354999999,66745.09354999999,0.0,0.0
2024-09-11,5,Case_B_floor,66612.91226000001,66612.91226000001,0.0,0.0
2024-09-11,6,Case_B_floor,66612.91226000001,66612.91226000001,0.0,0.0
2024-09-11,7,Case_B_floor,66765.66495,66765.66495,0.0,0.0
2024-09-11,8,Case_B_floor,66835.54506,66835.54506,0.0,0.0
2024-09-11,9,Case_B_floor,72256.33690000001,72256.33690000001,0.0,0.0
2024-09-11,10,Case_B_floor,74592.17576499999,74592.17576499999,0.0,0.0
2024-09-11,11,Case_B_floor,74030.87952,74030.87952,0.0,0.0
2024-09-11,12,Case_B_floor,75031.7316,75031.7316,0.0,0.0
2024-09-11,13,Case_B_floor,74592.17576499999,74592.17576499999,0.0,0.0
2024-09-11,14,Case_B_floor,74030.87952,74030.87952,0.0,0.0
2024-09-11,15,Case_B_floor,73876.48300000001,73876.48300000001,0.0,0.0
2024-09-11,16,Case_B_floor,75660.48887,75660.48887,0.0,0.0
2024-09-11,17,Case_B_floor,75031.7316,75031.7316,0.0,0.0
2024-09-11,18,Case_B_floor,75031.7316,75031.7316,0.0,0.0
2024-09-11,19,Case_B_floor,73876.48300000001,73876.48300000001,0.0,0.0
2024-09-11,20,Case_B_floor,73356.347985,73356.347985,0.0,0.0
2024-09-11,21,Case_B_floor,74116.92673,74116.92673,0.0,0.0
2024-09-11,22,Case_B_floor,73356.347985,73356.347985,0.0,0.0
2024-09-11,23,Case_B_floor,71167.21381,71167.21381,0.0,0.0
2024-09-11,24,Case_B_floor,68049.38346,68049.38346,0.0,0.0
2024-09-11,1,Case_C_mixed,65855.04684,65855.04684,0.0,0.0
2024-09-11,2,Case_C_mixed,66612.91226000001,66612.91226000001,0.0,0.0
2024-09-11,3,Case_C_mixed,66835.54506,66835.54506,0.0,0.0
2024-09-11,4,Case_C_mixed,66745.09354999999,66745.09354999999,0.0,0.0
2024-09-11,5,Case_C_mixed,66612.91226000001,66612.91226000001,0.0,0.0
2024-09-11,6,Case_C_mixed,66612.91226000001,66612.91226000001,0.0,0.0
2024-09-11,7,Case_C_mixed,66765.66495,66765.66495,0.0,0.0
2024-09-11,8,Case_C_mixed,66835.54506,66835.54506,0.0,0.0
2024-09-11,9,Case_C_mixed,72256.33690000001,72256.33690000001,0.0,0.0
2024-09-11,10,Case_C_mixed,74592.17576499999,74592.17576499999,0.0,0.0
2024-09-11,11,Case_C_mixed,74030.87952,74030.87952,0.0,0.0
2024-09-11,12,Case_C_mixed,75031.7316,75031.7316,0.0,0.0
2024-09-11,13,Case_C_mixed,74592.17576499999,74592.17576499999,0.0,0.0
2024-09-11,14,Case_C_mixed,74030.87952,74030.87952,0.0,0.0
2024-09-11,15,Case_C_mixed,73876.48300000001,73876.48300000001,0.0,0.0
2024-09-11,16,Case_C_mixed,75660.48887,75660.48887,0.0,0.0
2024-09-11,17,Case_C_mixed,75031.7316,75031.7316,0.0,0.0
2024-09-11,18,Case_C_mixed,75031.7316,75031.7316,0.0,0.0
2024-09-11,19,Case_C_mixed,73876.48300000001,73876.48300000001,0.0,0.0
2024-09-11,20,Case_C_mixed,73356.347985,73356.347985,0.0,0.0
2024-09-11,21,Case_C_mixed,74116.92673,74116.92673,0.0,0.0
2024-09-11,22,Case_C_mixed,73356.347985,73356.347985,0.0,0.0
2024-09-11,23,Case_C_mixed,71167.21381,71167.21381,0.0,0.0
2024-09-11,24,Case_C_mixed,68049.38346,68049.38346,0.0,0.0
2024-09-11,1,Case_D_conservative,65855.04684,65855.04684,0.0,0.0
2024-09-11,2,Case_D_conservative,66612.91226000001,66612.91226000001,0.0,0.0
2024-09-11,3,Case_D_conservative,66835.54506,66835.54506,0.0,0.0
2024-09-11,4,Case_D_conservative,66745.09354999999,66745.09354999999,0.0,0.0
2024-09-11,5,Case_D_conservative,66612.91226000001,66612.91226000001,0.0,0.0
2024-09-11,6,Case_D_conservative,66612.91226000001,66612.91226000001,0.0,0.0
2024-09-11,7,Case_D_conservative,66765.66495,66765.66495,0.0,0.0
2024-09-11,8,Case_D_conservative,66835.54506,66835.54506,0.0,0.0
2024-09-11,9,Case_D_conservative,72256.33690000001,72256.33690000001,0.0,0.0
2024-09-11,10,Case_D_conservative,74592.17576499999,74592.17576499999,0.0,0.0
2024-09-11,11,Case_D_conservative,74030.87952,74030.87952,0.0,0.0
2024-09-11,12,Case_D_conservative,75031.7316,75031.7316,0.0,0.0
2024-09-11,13,Case_D_conservative,74592.17576499999,74592.17576499999,0.0,0.0
2024-09-11,14,Case_D_conservative,74030.87952,74030.87952,0.0,0.0
2024-09-11,15,Case_D_conservative,73876.48300000001,73876.48300000001,0.0,0.0
2024-09-11,16,Case_D_conservative,75660.48887,75660.48887,0.0,0.0
2024-09-11,17,Case_D_conservative,75031.7316,75031.7316,0.0,0.0
2024-09-11,18,Case_D_conservative,75031.7316,75031.7316,0.0,0.0
2024-09-11,19,Case_D_conservative,73876.48300000001,73876.48300000001,0.0,0.0
2024-09-11,20,Case_D_conservative,73356.347985,73356.347985,0.0,0.0
2024-09-11,21,Case_D_conservative,74116.92673,74116.92673,0.0,0.0
2024-09-11,22,Case_D_conservative,73356.347985,73356.347985,0.0,0.0
2024-09-11,23,Case_D_conservative,71167.21381,71167.21381,0.0,0.0
2024-09-11,24,Case_D_conservative,68049.38346,68049.38346,0.0,0.0
2024-02-12,1,Case_A_zero,64470.99332,64470.99332,0.0,0.0
2024-02-12,2,Case_A_zero,64279.372975,64279.372975,0.0,0.0
2024-02-12,3,Case_A_zero,63313.336890000006,63313.336890000006,0.0,0.0
2024-02-12,4,Case_A_zero,63313.336890000006,63313.336890000006,0.0,0.0
2024-02-12,5,Case_A_zero,63263.019779999995,63263.019779999995,0.0,0.0
2024-02-12,6,Case_A_zero,63991.63435,63991.63435,0.0,0.0
2024-02-12,7,Case_A_zero,64354.1335575,64354.1335575,0.0,0.0
2024-02-12,8,Case_A_zero,64626.623530000004,64626.623530000004,0.0,0.0
2024-02-12,9,Case_A_zero,64100.113582499995,64100.113582499995,0.0,0.0
2024-02-12,10,Case_A_zero,59473.1599,59473.1599,0.0,0.0
2024-02-12,11,Case_A_zero,54459.582630000004,54459.582630000004,0.0,0.0
2024-02-12,12,Case_A_zero,51729.35506,51729.35506,0.0,0.0
2024-02-12,13,Case_A_zero,45347.074349999995,45347.074349999995,0.0,0.0
2024-02-12,14,Case_A_zero,45197.25631,45197.25631,0.0,0.0
2024-02-12,15,Case_A_zero,51675.75495,51675.75495,0.0,0.0
2024-02-12,16,Case_A_zero,54492.937900000004,54492.937900000004,0.0,0.0
2024-02-12,17,Case_A_zero,61742.73887,61742.73887,0.0,0.0
2024-02-12,18,Case_A_zero,64872.72846,64872.72846,0.0,0.0
2024-02-12,19,Case_A_zero,65855.04684,65855.04684,0.0,0.0
2024-02-12,20,Case_A_zero,66293.79273,66293.79273,0.0,0.0
2024-02-12,21,Case_A_zero,65971.60961,65971.60961,0.0,0.0
2024-02-12,22,Case_A_zero,65855.04684,65855.04684,0.0,0.0
2024-02-12,23,Case_A_zero,65855.04684,65855.04684,0.0,0.0
2024-02-12,24,Case_A_zero,65855.04684,65855.04684,0.0,0.0
2024-02-12,1,Case_B_floor,64470.99332,64470.99332,0.0,0.0
2024-02-12,2,Case_B_floor,64279.372975,64279.372975,0.0,0.0
2024-02-12,3,Case_B_floor,63313.336890000006,63313.336890000006,0.0,0.0
2024-02-12,4,Case_B_floor,63313.336890000006,63313.336890000006,0.0,0.0
2024-02-12,5,Case_B_floor,63263.019779999995,63263.019779999995,0.0,0.0
2024-02-12,6,Case_B_floor,63991.63435,63991.63435,0.0,0.0
2024-02-12,7,Case_B_floor,64354.1335575,64354.1335575,0.0,0.0
2024-02-12,8,Case_B_floor,64626.623530000004,64626.623530000004,0.0,0.0
2024-02-12,9,Case_B_floor,64100.113582499995,64100.113582499995,0.0,0.0
2024-02-12,10,Case_B_floor,59473.1599,59473.1599,0.0,0.0
2024-02-12,11,Case_B_floor,54459.582630000004,54459.582630000004,0.0,0.0
2024-02-12,12,Case_B_floor,51729.35506,51729.35506,0.0,0.0
2024-02-12,13,Case_B_floor,45347.074349999995,45347.074349999995,0.0,0.0
2024-02-12,14,Case_B_floor,45197.25631,45197.25631,0.0,0.0
2024-02-12,15,Case_B_floor,51675.75495,51675.75495,0.0,0.0
2024-02-12,16,Case_B_floor,54492.937900000004,54492.937900000004,0.0,0.0
2024-02-12,17,Case_B_floor,61742.73887,61742.73887,0.0,0.0
2024-02-12,18,Case_B_floor,64872.72846,64872.72846,0.0,0.0
2024-02-12,19,Case_B_floor,65855.04684,65855.04684,0.0,0.0
2024-02-12,20,Case_B_floor,66293.79273,66293.79273,0.0,0.0
2024-02-12,21,Case_B_floor,65971.60961,65971.60961,0.0,0.0
2024-02-12,22,Case_B_floor,65855.04684,65855.04684,0.0,0.0
2024-02-12,23,Case_B_floor,65855.04684,65855.04684,0.0,0.0
2024-02-12,24,Case_B_floor,65855.04684,65855.04684,0.0,0.0
2024-02-12,1,Case_C_mixed,64470.99332,64470.99332,0.0,0.0
2024-02-12,2,Case_C_mixed,64279.372975,64279.372975,0.0,0.0
2024-02-12,3,Case_C_mixed,63313.336890000006,63313.336890000006,0.0,0.0
2024-02-12,4,Case_C_mixed,63313.336890000006,63313.336890000006,0.0,0.0
2024-02-12,5,Case_C_mixed,63263.019779999995,63263.019779999995,0.0,0.0
2024-02-12,6,Case_C_mixed,63991.63435,63991.63435,0.0,0.0
2024-02-12,7,Case_C_mixed,64354.1335575,64354.1335575,0.0,0.0
2024-02-12,8,Case_C_mixed,64626.623530000004,64626.623530000004,0.0,0.0
2024-02-12,9,Case_C_mixed,64100.113582499995,64100.113582499995,0.0,0.0
2024-02-12,10,Case_C_mixed,59473.1599,59473.1599,0.0,0.0
2024-02-12,11,Case_C_mixed,54459.582630000004,54459.582630000004,0.0,0.0
2024-02-12,12,Case_C_mixed,51729.35506,51729.35506,0.0,0.0
2024-02-12,13,Case_C_mixed,45347.074349999995,45347.074349999995,0.0,0.0
2024-02-12,14,Case_C_mixed,45197.25631,45197.25631,0.0,0.0
2024-02-12,15,Case_C_mixed,51675.75495,51675.75495,0.0,0.0
2024-02-12,16,Case_C_mixed,54492.937900000004,54492.937900000004,0.0,0.0
2024-02-12,17,Case_C_mixed,61742.73887,61742.73887,0.0,0.0
2024-02-12,18,Case_C_mixed,64872.72846,64872.72846,0.0,0.0
2024-02-12,19,Case_C_mixed,65855.04684,65855.04684,0.0,0.0
2024-02-12,20,Case_C_mixed,66293.79273,66293.79273,0.0,0.0
2024-02-12,21,Case_C_mixed,65971.60961,65971.60961,0.0,0.0
2024-02-12,22,Case_C_mixed,65855.04684,65855.04684,0.0,0.0
2024-02-12,23,Case_C_mixed,65855.04684,65855.04684,0.0,0.0
2024-02-12,24,Case_C_mixed,65855.04684,65855.04684,0.0,0.0
2024-02-12,1,Case_D_conservative,64470.99332,64470.99332,0.0,0.0
2024-02-12,2,Case_D_conservative,64279.372975,64279.372975,0.0,0.0
2024-02-12,3,Case_D_conservative,63313.336890000006,63313.336890000006,0.0,0.0
2024-02-12,4,Case_D_conservative,63313.336890000006,63313.336890000006,0.0,0.0
2024-02-12,5,Case_D_conservative,63263.019779999995,63263.019779999995,0.0,0.0
2024-02-12,6,Case_D_conservative,63991.63435,63991.63435,0.0,0.0
2024-02-12,7,Case_D_conservative,64354.1335575,64354.1335575,0.0,0.0
2024-02-12,8,Case_D_conservative,64626.623530000004,64626.623530000004,0.0,0.0
2024-02-12,9,Case_D_conservative,64100.113582499995,64100.113582499995,0.0,0.0
2024-02-12,10,Case_D_conservative,59473.1599,59473.1599,0.0,0.0
2024-02-12,11,Case_D_conservative,54459.582630000004,54459.582630000004,0.0,0.0
2024-02-12,12,Case_D_conservative,51729.35506,51729.35506,0.0,0.0
2024-02-12,13,Case_D_conservative,45347.074349999995,45347.074349999995,0.0,0.0
2024-02-12,14,Case_D_conservative,45197.25631,45197.25631,0.0,0.0
2024-02-12,15,Case_D_conservative,51675.75495,51675.75495,0.0,0.0
2024-02-12,16,Case_D_conservative,54492.937900000004,54492.937900000004,0.0,0.0
2024-02-12,17,Case_D_conservative,61742.73887,61742.73887,0.0,0.0
2024-02-12,18,Case_D_conservative,64872.72846,64872.72846,0.0,0.0
2024-02-12,19,Case_D_conservative,65855.04684,65855.04684,0.0,0.0
2024-02-12,20,Case_D_conservative,66293.79273,66293.79273,0.0,0.0
2024-02-12,21,Case_D_conservative,65971.60961,65971.60961,0.0,0.0
2024-02-12,22,Case_D_conservative,65855.04684,65855.04684,0.0,0.0
2024-02-12,23,Case_D_conservative,65855.04684,65855.04684,0.0,0.0
2024-02-12,24,Case_D_conservative,65855.04684,65855.04684,0.0,0.0
2024-12-24,1,Case_A_zero,66293.79273,66293.79273,0.0,0.0
2024-12-24,2,Case_A_zero,66679.63474000001,66679.63474000001,0.0,0.0
2024-12-24,3,Case_A_zero,66523.2466675,66523.2466675,0.0,0.0
2024-12-24,4,Case_A_zero,66412.9055425,66412.9055425,0.0,0.0
2024-12-24,5,Case_A_zero,66523.2466675,66523.2466675,0.0,0.0
2024-12-24,6,Case_A_zero,66679.63474000001,66679.63474000001,0.0,0.0
2024-12-24,7,Case_A_zero,65508.229799999994,65508.229799999994,0.0,0.0
2024-12-24,8,Case_A_zero,68886.30221,68886.30221,0.0,0.0
2024-12-24,9,Case_A_zero,72248.38717999999,72248.38717999999,0.0,0.0
2024-12-24,10,Case_A_zero,71305.0409,71305.0409,0.0,0.0
2024-12-24,11,Case_A_zero,68049.38346,68049.38346,0.0,0.0
2024-12-24,12,Case_A_zero,66835.54506,66835.54506,0.0,0.0
2024-12-24,13,Case_A_zero,66745.09354999999,66745.09354999999,0.0,0.0
2024-12-24,14,Case_A_zero,66293.79273,66293.79273,0.0,0.0
2024-12-24,15,Case_A_zero,66765.66495,66765.66495,0.0,0.0
2024-12-24,16,Case_A_zero,68049.38346,68049.38346,0.0,0.0
2024-12-24,17,Case_A_zero,70972.79503000001,70972.79503000001,0.0,0.0
2024-12-24,18,Case_A_zero,71167.21381,71167.21381,0.0,0.0
2024-12-24,19,Case_A_zero,70197.16453,70197.16453,0.0,0.0
2024-12-24,20,Case_A_zero,70702.46699,70702.46699,0.0,0.0
2024-12-24,21,Case_A_zero,66835.54506,66835.54506,0.0,0.0
2024-12-24,22,Case_A_zero,66765.66495,66765.66495,0.0,0.0
2024-12-24,23,Case_A_zero,66765.66495,66765.66495,0.0,0.0
2024-12-24,24,Case_A_zero,65508.229799999994,65508.229799999994,0.0,0.0
2024-12-24,1,Case_B_floor,66293.79273,66293.79273,0.0,0.0
2024-12-24,2,Case_B_floor,66679.63474000001,66679.63474000001,0.0,0.0
2024-12-24,3,Case_B_floor,66523.2466675,66523.2466675,0.0,0.0
2024-12-24,4,Case_B_floor,66412.9055425,66412.9055425,0.0,0.0
2024-12-24,5,Case_B_floor,66523.2466675,66523.2466675,0.0,0.0
2024-12-24,6,Case_B_floor,66679.63474000001,66679.63474000001,0.0,0.0
2024-12-24,7,Case_B_floor,65508.229799999994,65508.229799999994,0.0,0.0
2024-12-24,8,Case_B_floor,68886.30221,68886.30221,0.0,0.0
2024-12-24,9,Case_B_floor,72248.38717999999,72248.38717999999,0.0,0.0
2024-12-24,10,Case_B_floor,71305.0409,71305.0409,0.0,0.0
2024-12-24,11,Case_B_floor,68049.38346,68049.38346,0.0,0.0
2024-12-24,12,Case_B_floor,66835.54506,66835.54506,0.0,0.0
2024-12-24,13,Case_B_floor,66745.09354999999,66745.09354999999,0.0,0.0
2024-12-24,14,Case_B_floor,66293.79273,66293.79273,0.0,0.0
2024-12-24,15,Case_B_floor,66765.66495,66765.66495,0.0,0.0
2024-12-24,16,Case_B_floor,68049.38346,68049.38346,0.0,0.0
2024-12-24,17,Case_B_floor,70972.79503000001,70972.79503000001,0.0,0.0
2024-12-24,18,Case_B_floor,71167.21381,71167.21381,0.0,0.0
2024-12-24,19,Case_B_floor,70197.16453,70197.16453,0.0,0.0
2024-12-24,20,Case_B_floor,70702.46699,70702.46699,0.0,0.0
2024-12-24,21,Case_B_floor,66835.54506,66835.54506,0.0,0.0
2024-12-24,22,Case_B_floor,66765.66495,66765.66495,0.0,0.0
2024-12-24,23,Case_B_floor,66765.66495,66765.66495,0.0,0.0
2024-12-24,24,Case_B_floor,65508.229799999994,65508.229799999994,0.0,0.0
2024-12-24,1,Case_C_mixed,66293.79273,66293.79273,0.0,0.0
2024-12-24,2,Case_C_mixed,66679.63474000001,66679.63474000001,0.0,0.0
2024-12-24,3,Case_C_mixed,66523.2466675,66523.2466675,0.0,0.0
2024-12-24,4,Case_C_mixed,66412.9055425,66412.9055425,0.0,0.0
2024-12-24,5,Case_C_mixed,66523.2466675,66523.2466675,0.0,0.0
2024-12-24,6,Case_C_mixed,66679.63474000001,66679.63474000001,0.0,0.0
2024-12-24,7,Case_C_mixed,65508.229799999994,65508.229799999994,0.0,0.0
2024-12-24,8,Case_C_mixed,68886.30221,68886.30221,0.0,0.0
2024-12-24,9,Case_C_mixed,72248.38717999999,72248.38717999999,0.0,0.0
2024-12-24,10,Case_C_mixed,71305.0409,71305.0409,0.0,0.0
2024-12-24,11,Case_C_mixed,68049.38346,68049.38346,0.0,0.0
2024-12-24,12,Case_C_mixed,66835.54506,66835.54506,0.0,0.0
2024-12-24,13,Case_C_mixed,66745.09354999999,66745.09354999999,0.0,0.0
2024-12-24,14,Case_C_mixed,66293.79273,66293.79273,0.0,0.0
2024-12-24,15,Case_C_mixed,66765.66495,66765.66495,0.0,0.0
2024-12-24,16,Case_C_mixed,68049.38346,68049.38346,0.0,0.0
2024-12-24,17,Case_C_mixed,70972.79503000001,70972.79503000001,0.0,0.0
2024-12-24,18,Case_C_mixed,71167.21381,71167.21381,0.0,0.0
2024-12-24,19,Case_C_mixed,70197.16453,70197.16453,0.0,0.0
2024-12-24,20,Case_C_mixed,70702.46699,70702.46699,0.0,0.0
2024-12-24,21,Case_C_mixed,66835.54506,66835.54506,0.0,0.0
2024-12-24,22,Case_C_mixed,66765.66495,66765.66495,0.0,0.0
2024-12-24,23,Case_C_mixed,66765.66495,66765.66495,0.0,0.0
2024-12-24,24,Case_C_mixed,65508.229799999994,65508.229799999994,0.0,0.0
2024-12-24,1,Case_D_conservative,66293.79273,66293.79273,0.0,0.0
2024-12-24,2,Case_D_conservative,66679.63474000001,66679.63474000001,0.0,0.0
2024-12-24,3,Case_D_conservative,66523.2466675,66523.2466675,0.0,0.0
2024-12-24,4,Case_D_conservative,66412.9055425,66412.9055425,0.0,0.0
2024-12-24,5,Case_D_conservative,66523.2466675,66523.2466675,0.0,0.0
2024-12-24,6,Case_D_conservative,66679.63474000001,66679.63474000001,0.0,0.0
2024-12-24,7,Case_D_conservative,65508.229799999994,65508.229799999994,0.0,0.0
2024-12-24,8,Case_D_conservative,68886.30221,68886.30221,0.0,0.0
2024-12-24,9,Case_D_conservative,72248.38717999999,72248.38717999999,0.0,0.0
2024-12-24,10,Case_D_conservative,71305.0409,71305.0409,0.0,0.0
2024-12-24,11,Case_D_conservative,68049.38346,68049.38346,0.0,0.0
2024-12-24,12,Case_D_conservative,66835.54506,66835.54506,0.0,0.0
2024-12-24,13,Case_D_conservative,66745.09354999999,66745.09354999999,0.0,0.0
2024-12-24,14,Case_D_conservative,66293.79273,66293.79273,0.0,0.0
2024-12-24,15,Case_D_conservative,66765.66495,66765.66495,0.0,0.0
2024-12-24,16,Case_D_conservative,68049.38346,68049.38346,0.0,0.0
2024-12-24,17,Case_D_conservative,70972.79503000001,70972.79503000001,0.0,0.0
2024-12-24,18,Case_D_conservative,71167.21381,71167.21381,0.0,0.0
2024-12-24,19,Case_D_conservative,70197.16453,70197.16453,0.0,0.0
2024-12-24,20,Case_D_conservative,70702.46699,70702.46699,0.0,0.0
2024-12-24,21,Case_D_conservative,66835.54506,66835.54506,0.0,0.0
2024-12-24,22,Case_D_conservative,66765.66495,66765.66495,0.0,0.0
2024-12-24,23,Case_D_conservative,66765.66495,66765.66495,0.0,0.0
2024-12-24,24,Case_D_conservative,65508.229799999994,65508.229799999994,0.0,0.0
2024-01-23,1,Case_A_zero,65855.04684,65855.04684,0.0,0.0
2024-01-23,2,Case_A_zero,66612.91226000001,66612.91226000001,0.0,0.0
2024-01-23,3,Case_A_zero,66293.79273,66293.79273,0.0,0.0
2024-01-23,4,Case_A_zero,66293.79273,66293.79273,0.0,0.0
2024-01-23,5,Case_A_zero,66412.9055425,66412.9055425,0.0,0.0
2024-01-23,6,Case_A_zero,66765.66495,66765.66495,0.0,0.0
2024-01-23,7,Case_A_zero,67713.51626,67713.51626,0.0,0.0
2024-01-23,8,Case_A_zero,71830.84598,71830.84598,0.0,0.0
2024-01-23,9,Case_A_zero,75031.7316,75031.7316,0.0,0.0
2024-01-23,10,Case_A_zero,73136.12487249999,73136.12487249999,0.0,0.0
2024-01-23,11,Case_A_zero,74116.92673,74116.92673,0.0,0.0
2024-01-23,12,Case_A_zero,74030.87952,74030.87952,0.0,0.0
2024-01-23,13,Case_A_zero,72189.60484999999,72189.60484999999,0.0,0.0
2024-01-23,14,Case_A_zero,73356.347985,73356.347985,0.0,0.0
2024-01-23,15,Case_A_zero,74030.87952,74030.87952,0.0,0.0
2024-01-23,16,Case_A_zero,74116.92673,74116.92673,0.0,0.0
2024-01-23,17,Case_A_zero,74030.87952,74030.87952,0.0,0.0
2024-01-23,18,Case_A_zero,74030.87952,74030.87952,0.0,0.0
2024-01-23,19,Case_A_zero,75031.7316,75031.7316,0.0,0.0
2024-01-23,20,Case_A_zero,74116.92673,74116.92673,0.0,0.0
2024-01-23,21,Case_A_zero,72248.38717999999,72248.38717999999,0.0,0.0
2024-01-23,22,Case_A_zero,71167.21381,71167.21381,0.0,0.0
2024-01-23,23,Case_A_zero,71059.96293,71059.96293,0.0,0.0
2024-01-23,24,Case_A_zero,70197.16453,70197.16453,0.0,0.0
2024-01-23,1,Case_B_floor,65855.04684,65855.04684,0.0,0.0
2024-01-23,2,Case_B_floor,66612.91226000001,66612.91226000001,0.0,0.0
2024-01-23,3,Case_B_floor,66293.79273,66293.79273,0.0,0.0
2024-01-23,4,Case_B_floor,66293.79273,66293.79273,0.0,0.0
2024-01-23,5,Case_B_floor,66412.9055425,66412.9055425,0.0,0.0
2024-01-23,6,Case_B_floor,66765.66495,66765.66495,0.0,0.0
2024-01-23,7,Case_B_floor,67713.51626,67713.51626,0.0,0.0
2024-01-23,8,Case_B_floor,71830.84598,71830.84598,0.0,0.0
2024-01-23,9,Case_B_floor,75031.7316,75031.7316,0.0,0.0
2024-01-23,10,Case_B_floor,73136.12487249999,73136.12487249999,0.0,0.0
2024-01-23,11,Case_B_floor,74116.92673,74116.92673,0.0,0.0
2024-01-23,12,Case_B_floor,74030.87952,74030.87952,0.0,0.0
2024-01-23,13,Case_B_floor,72189.60484999999,72189.60484999999,0.0,0.0
2024-01-23,14,Case_B_floor,73356.347985,73356.347985,0.0,0.0
2024-01-23,15,Case_B_floor,74030.87952,74030.87952,0.0,0.0
2024-01-23,16,Case_B_floor,74116.92673,74116.92673,0.0,0.0
2024-01-23,17,Case_B_floor,74030.87952,74030.87952,0.0,0.0
2024-01-23,18,Case_B_floor,74030.87952,74030.87952,0.0,0.0
2024-01-23,19,Case_B_floor,75031.7316,75031.7316,0.0,0.0
2024-01-23,20,Case_B_floor,74116.92673,74116.92673,0.0,0.0
2024-01-23,21,Case_B_floor,72248.38717999999,72248.38717999999,0.0,0.0
2024-01-23,22,Case_B_floor,71167.21381,71167.21381,0.0,0.0
2024-01-23,23,Case_B_floor,71059.96293,71059.96293,0.0,0.0
2024-01-23,24,Case_B_floor,70197.16453,70197.16453,0.0,0.0
2024-01-23,1,Case_C_mixed,65855.04684,65855.04684,0.0,0.0
2024-01-23,2,Case_C_mixed,66612.91226000001,66612.91226000001,0.0,0.0
2024-01-23,3,Case_C_mixed,66293.79273,66293.79273,0.0,0.0
2024-01-23,4,Case_C_mixed,66293.79273,66293.79273,0.0,0.0
2024-01-23,5,Case_C_mixed,66412.9055425,66412.9055425,0.0,0.0
2024-01-23,6,Case_C_mixed,66765.66495,66765.66495,0.0,0.0
2024-01-23,7,Case_C_mixed,67713.51626,67713.51626,0.0,0.0
2024-01-23,8,Case_C_mixed,71830.84598,71830.84598,0.0,0.0
2024-01-23,9,Case_C_mixed,75031.7316,75031.7316,0.0,0.0
2024-01-23,10,Case_C_mixed,73136.12487249999,73136.12487249999,0.0,0.0
2024-01-23,11,Case_C_mixed,74116.92673,74116.92673,0.0,0.0
2024-01-23,12,Case_C_mixed,74030.87952,74030.87952,0.0,0.0
2024-01-23,13,Case_C_mixed,72189.60484999999,72189.60484999999,0.0,0.0
2024-01-23,14,Case_C_mixed,73356.347985,73356.347985,0.0,0.0
2024-01-23,15,Case_C_mixed,74030.87952,74030.87952,0.0,0.0
2024-01-23,16,Case_C_mixed,74116.92673,74116.92673,0.0,0.0
2024-01-23,17,Case_C_mixed,74030.87952,74030.87952,0.0,0.0
2024-01-23,18,Case_C_mixed,74030.87952,74030.87952,0.0,0.0
2024-01-23,19,Case_C_mixed,75031.7316,75031.7316,0.0,0.0
2024-01-23,20,Case_C_mixed,74116.92673,74116.92673,0.0,0.0
2024-01-23,21,Case_C_mixed,72248.38717999999,72248.38717999999,0.0,0.0
2024-01-23,22,Case_C_mixed,71167.21381,71167.21381,0.0,0.0
2024-01-23,23,Case_C_mixed,71059.96293,71059.96293,0.0,0.0
2024-01-23,24,Case_C_mixed,70197.16453,70197.16453,0.0,0.0
2024-01-23,1,Case_D_conservative,65855.04684,65855.04684,0.0,0.0
2024-01-23,2,Case_D_conservative,66612.91226000001,66612.91226000001,0.0,0.0
2024-01-23,3,Case_D_conservative,66293.79273,66293.79273,0.0,0.0
2024-01-23,4,Case_D_conservative,66293.79273,66293.79273,0.0,0.0
2024-01-23,5,Case_D_conservative,66412.9055425,66412.9055425,0.0,0.0
2024-01-23,6,Case_D_conservative,66765.66495,66765.66495,0.0,0.0
2024-01-23,7,Case_D_conservative,67713.51626,67713.51626,0.0,0.0
2024-01-23,8,Case_D_conservative,71830.84598,71830.84598,0.0,0.0
2024-01-23,9,Case_D_conservative,75031.7316,75031.7316,0.0,0.0
2024-01-23,10,Case_D_conservative,73136.12487249999,73136.12487249999,0.0,0.0
2024-01-23,11,Case_D_conservative,74116.92673,74116.92673,0.0,0.0
2024-01-23,12,Case_D_conservative,74030.87952,74030.87952,0.0,0.0
2024-01-23,13,Case_D_conservative,72189.60484999999,72189.60484999999,0.0,0.0
2024-01-23,14,Case_D_conservative,73356.347985,73356.347985,0.0,0.0
2024-01-23,15,Case_D_conservative,74030.87952,74030.87952,0.0,0.0
2024-01-23,16,Case_D_conservative,74116.92673,74116.92673,0.0,0.0
2024-01-23,17,Case_D_conservative,74030.87952,74030.87952,0.0,0.0
2024-01-23,18,Case_D_conservative,74030.87952,74030.87952,0.0,0.0
2024-01-23,19,Case_D_conservative,75031.7316,75031.7316,0.0,0.0
2024-01-23,20,Case_D_conservative,74116.92673,74116.92673,0.0,0.0
2024-01-23,21,Case_D_conservative,72248.38717999999,72248.38717999999,0.0,0.0
2024-01-23,22,Case_D_conservative,71167.21381,71167.21381,0.0,0.0
2024-01-23,23,Case_D_conservative,71059.96293,71059.96293,0.0,0.0
2024-01-23,24,Case_D_conservative,70197.16453,70197.16453,0.0,0.0
