기간,01시,02시,03시,04시,05시,06시,07시,08시,09시,10시,11시,12시,13시,14시,15시,16시,17시,18시,19시,20시,21시,22시,23시,24시,최대,최소,가중평균
2024/12/31,84.86,81.4,80.48,80.48,80.48,80.48,83.85,92.53,142.95,158.05,131.37,127.59,122.66,122.66,122.66,122.66,122.85,122.99,123.06,109.49,92.53,92.53,92.53,92.53,158.05,80.48,108.15
2024/12/30,81.11,79.03,79.03,79.03,79.03,79.03,81.11,92.64,142.95,164.91,160.05,154.79,137.81,137.72,137.63,157.72,137.16,141.2,132.59,122.57,115.43,92.96,92.64,92.64,164.91,79.03,118.73
2024/12/29,92.11,83.88,82.48,81.64,81.8,82.48,83.88,83.88,83.88,79.8,79.14,78.55,73.69,78.55,78.43,80.13,83.88,93.56,93.56,93.56,93.56,93.56,93.56,93.56,93.56,73.69,85.51
2024/12/28,91.9,90.72,87.23,84.67,84.67,86.62,92.88,93.83,93.83,93.83,93.83,93.83,93.31,93.22,92.85,92.96,93.83,93.83,93.83,93.83,93.83,93.83,93.83,93.83,93.83,84.67,92.19
2024/12/27,88.68,81.71,81.71,81.71,81.71,81.71,84.57,116.29,143,150.71,140.42,142.45,136.93,143.06,136.73,150.82,136.73,128.83,128.76,120.02,109.49,92.27,92.04,93.12,150.82,81.71,116.57
2024/12/26,92.17,91.09,81.25,81.25,81.25,91.55,92.64,120.3,143.7,164.06,168.78,158.68,143.62,136.95,136.95,143.07,136.62,133.71,132.59,122.94,115.32,92.62,92.62,92.64,168.78,81.25,121.42
2024/12/25,103.43,92.54,92.15,91.63,91.82,91.89,92.38,117.23,118.82,123.24,145.72,143.84,118.83,118.83,118.81,118.81,118.83,118.84,118.37,116.07,102.67,102.3,102,102.17,145.72,91.63,110.88
2024/12/24,102.27,91.67,91.67,91.5,91.67,96.57,102.02,141.2,144.78,166.22,159.95,144.76,141.22,143.01,143.4,144.52,143.19,143.5,143.5,141.2,121.77,101.09,101.5,101.98,166.22,91.5,126.51
2024/12/23,122.02,91.2,89.11,89.11,88.64,91.59,92.32,113.79,157.38,172.49,161.61,154.54,142.92,143.03,143.1,144.36,143.03,141.68,143.23,143.23,135.95,118.47,118.41,102.62,172.49,88.64,129.42
2024/12/22,98.4,84.54,84.54,84.54,84.54,84.57,92.3,92.97,93.03,120.68,93.2,105.57,105.05,105.17,93.2,92.95,105.13,105.8,105.8,105.81,105.44,103.69,103.71,93.61,120.68,84.54,97.84
2024/12/21,92.76,91.88,91.69,81.69,81.69,83.01,92.32,101.7,102.5,107.95,143.04,143.27,102.27,102.4,102.48,102.32,102.36,102.5,102.51,108.57,108.51,93.22,93.06,93.22,143.27,81.69,101.38
2024/12/20,102.92,91.52,91.11,82.33,91.19,91.48,101.64,117.2,151.31,163.56,158.24,158.21,142.63,142.79,158.23,167.14,142.8,142.52,138.23,136.54,133.1,114.93,101.28,116.45,167.14,82.33,128.94
2024/12/19,102.64,91.57,91.28,82.66,91.17,91.87,111.76,116.28,143.33,172.12,162.3,153.47,141.85,142,143.33,145.85,143.57,143.33,141.73,141.2,135.81,120.02,107.98,110.54,172.12,82.66,128.02
2024/12/18,92.1,91.34,91.12,82.13,82.13,92.08,111.76,116.6,143.61,230.82,151.02,144.41,141.47,141.46,141.46,141.47,141.47,141.19,141.2,136.48,141.19,120.77,114.78,115.08,230.82,82.13,129.39
2024/12/17,93.08,84.67,82.02,82.02,82.02,91.56,96.54,141.2,145.49,145.88,145.85,145.84,140.86,142.35,143.81,145.83,142.3,140.86,142.22,137.95,141.19,119.76,101.93,100.84,145.88,82.02,124.52
2024/12/16,111.06,99.87,80.38,80.34,80.38,111.41,100.92,134.1,146.9,170.67,146.9,146.9,141.23,146.9,161.49,146.9,143.41,142.79,140.34,139.4,136.34,135.78,141.2,116.31,170.67,80.34,131.87
2024/12/15,98.4,83.15,83.15,82.32,82.32,83.15,92.18,96.58,111.86,102.33,133.48,133.67,133.67,133.67,133.67,102.56,102.85,110.46,110.63,110.98,102.86,111.16,102.38,102.39,133.67,82.32,105.73
2024/12/14,103.49,92.66,92.12,91.67,91.7,92.25,96.32,101.03,103.13,103.09,103.11,103.24,99.57,102.76,102.78,103.37,103.87,103.61,103.93,103.38,103.38,102.84,102.95,101.51,103.93,91.67,100.41
2024/12/13,108.02,98.56,91.58,91.13,91.66,111.58,101.9,141.19,154.1,166.91,154.01,143.07,136.22,137.27,137.22,141.99,143.08,142.66,142.66,141.2,117.27,123.01,141.19,111.93,166.91,91.13,129.67
2024/12/12,102.61,91.54,91.61,91.18,91.52,91.71,112.75,120.77,158.57,158.57,162.48,156.04,137.8,137.72,137.72,137.72,156.04,145.72,142.66,143.07,136.02,122.66,122.66,116.35,162.48,91.18,129.52
2024/12/11,111.93,83.43,82.1,82.1,82.1,91.46,106.25,121.62,153.64,156.04,159.67,153.64,137.97,143.06,143.07,158.57,153.64,143.4,143.41,137,136.09,112.28,120.02,118.32,159.67,82.1,128.36
2024/12/10,106.1,82.77,80.77,80.77,80.77,91.53,93.38,146.28,147.99,147.99,160.16,147.13,138.02,146.33,147.13,158.57,148.06,147.99,141.64,136.87,136.23,141.19,122.66,120.16,160.16,80.77,129.2
2024/12/09,86.15,80.35,80.35,80.35,80.35,80.35,85.17,121.98,160.21,171.9,161.16,147.95,136.67,136.67,144.44,136.67,136.67,136.67,133.7,124.07,122.5,132.52,106.25,101.66,171.9,80.35,123.25
2024/12/08,92.06,83.18,83.18,80.94,82.17,83.18,92.11,92.15,92.15,80.59,89.43,80.24,6.19,76.67,80.24,80.59,91.86,103.84,103.84,103.84,103.85,103.85,103.49,93.61,103.85,6.19,87.96
2024/12/07,92.89,88.87,86.59,84.71,84.71,87.13,92.29,93.19,93.19,93.19,102.61,119.14,108.36,108.45,102.3,102.18,103.18,103.18,102.62,102.62,102.27,93.19,93.19,93.19,119.14,84.71,97.34
2024/12/06,97.79,81.98,80.52,80.52,80.52,86.67,100.92,116.28,143.43,143.08,152.11,139.91,122.78,122.78,122.78,141.19,143.06,133.12,118.54,121.84,116.76,112.75,101.62,110.17,152.11,80.52,117.24
2024/12/05,92.2,91.12,86.17,86.17,86.17,91.56,101,120.77,141.63,143.43,151.16,143.4,137.36,137.21,137.29,143.07,142.66,141.2,132.61,122.66,133.51,120.77,120.02,104.26,151.16,86.17,123
2024/12/04,112.45,80.66,80.52,80.52,80.52,82.56,115.9,116.1,143.4,144.2,143.4,142.44,144.53,137.27,138.26,143.07,143.4,143.04,142.66,142.32,142.95,121.84,116.06,107.27,144.53,80.52,124.86
2024/12/03,112.75,81.13,80.38,80.03,80.22,81.13,89.86,117.15,152.53,143.03,156.04,139.6,118.13,123.75,123.75,143,123.96,123.96,118.15,118.15,116.26,112.28,102.68,98.77,156.04,80.03,115.59
2024/12/02,97.41,80.17,80.17,80.17,80.17,80.7,84.16,101.85,143.01,166.29,155.33,144.04,137.97,143.06,158.57,158.18,156.04,142.98,137.98,142.98,120.02,112.36,101.29,101.83,166.29,80.17,124.32
2024/12/01,97.81,91.76,84.46,84.46,84.46,88.94,107.71,97.81,107.71,104,104.06,104.2,103.78,92.89,93.02,104.15,104.51,107.71,107.71,107.71,107.71,104.2,101.34,107.71,107.71,84.46,100.27
2024/11/30,106.78,96.65,87.96,87.46,87.45,96.65,103.28,109.78,109.78,111.63,112,108.43,107.87,107.38,104.62,107.32,107.87,107.87,107.87,107.88,107.54,106.78,104.84,103.97,112,87.45,104.27
2024/11/29,107.7,101.87,87.57,87.18,87.61,101.98,106.29,111.33,137.97,152.33,151.87,154.15,138.78,155.82,153.84,138.78,138.72,137.92,137.92,137.92,114.22,106.56,107.2,104.46,155.82,87.18,125.17
2024/11/28,111.21,102.96,91.06,87.57,101.43,102.75,105.8,117.04,137.98,137.97,156.16,144.56,137.98,137.98,137.97,137.92,137.1,136.92,135.58,137.81,130.65,127.98,117.24,117.24,156.16,87.57,126.14
2024/11/27,107.59,102,87.49,87.08,87.48,102,105.8,127.27,137.94,137.92,137.98,136.37,136.19,136.37,136.37,136.37,136.37,136.37,136.1,131.36,116.98,114.75,106.62,106.62,137.98,87.08,121.68
2024/11/26,114.88,91.94,87.57,87.47,91.94,102.32,104.01,106.76,140.74,154.83,158.56,137.88,131.51,131.42,135.27,137.94,137.97,135.27,135.26,131.14,117.78,114.22,104.85,113.03,158.56,87.47,122.76
2024/11/25,91.51,79.45,79.45,79.45,79.45,79.45,90.49,107.53,117.26,117.26,137.61,135.26,116.8,116.8,116.8,116.8,137.95,116.8,117.26,112.14,106.76,106.69,106.5,114.94,137.95,79.45,109.32
2024/11/24,106.64,87.95,85.2,85.2,85.2,87.95,101.19,106.64,107.03,91.88,112.08,105.82,0,78.4,78.4,87.55,91.52,108.84,108.85,108.85,108.85,108.49,101.37,101.2,112.08,0,94.66
2024/11/23,103.68,101.97,87.86,87.79,87.87,93.03,117.14,117.14,117.24,113.57,91.3,110.2,0,78.38,90.67,88.5,112.24,116.69,116.82,112.24,112.24,101.33,101.33,101.33,117.24,0,99.35
2024/11/22,112.14,87.79,87.13,87.05,87.24,87.79,107.05,117.78,130.73,117.62,117.52,117.47,115.31,116.87,117.26,117.26,117.37,117.47,117.43,113.31,107.05,106.47,112.14,116.73,130.73,87.05,110.38
2024/11/21,106.74,87.43,87.16,87.27,87.06,87.6,107.37,107.29,137.88,150.52,137.89,117.01,117.01,116.96,137.63,127.32,137.63,137.87,127.44,117.26,107.87,107.87,107.87,107.87,150.52,87.06,115.92
2024/11/20,106.74,83.22,82.85,82.96,82.99,106.21,117.98,117.98,141.65,159.13,141.65,131.98,131.79,131.55,137.63,131.51,137.64,135.7,135.7,108.72,106.69,104.48,103.5,103.5,159.13,82.85,118.99
2024/11/19,114.94,90.49,90.49,79.76,79.76,110.99,110.99,118.08,137.61,137.88,147.19,131.65,131.65,131.65,131.65,131.65,131.66,137.62,127.68,117.67,110.99,104.46,104.46,110.99,147.19,79.76,118.77
2024/11/18,93.45,78.12,78.12,78.12,78.12,78.12,104.24,115.82,117.78,117.78,107.12,106.86,103.8,114.94,117.47,117.47,117.47,117.47,117.78,117.78,107.4,107.01,107.01,105.25,117.78,78.12,105.96
2024/11/17,105.01,87.01,82.89,81.53,82.89,87.81,105.06,93.24,88.1,88.02,88.61,88.69,114.27,88.3,88.23,114.27,114.27,116.06,114.27,114.27,114.21,105.03,105.01,105.01,116.06,81.53,99.52
2024/11/16,90.81,87.47,82.08,80.6,80.6,84.63,94.01,94.86,94.05,94.38,94.62,93.99,90.81,90.92,78.38,80.6,88.62,89.48,90.81,90.81,90.85,89.48,89.48,89.48,94.86,78.38,88.88
2024/11/15,91.51,87.07,87.1,87.15,87.18,87.76,112.48,114.22,116.84,116.58,116.58,116.51,108.92,116.38,147.26,131.48,116.38,116.51,116.78,116.78,107.42,106.79,104.58,113,147.26,87.07,110.43
2024/11/14,103.76,87.57,83.4,85.3,87.57,102.76,116.73,116.73,147.26,147.26,147.26,132.31,132.31,132.31,147.26,147.26,147.26,139.97,132.32,116.98,116.98,116.98,106.52,105.55,147.26,83.4,122.38
2024/11/13,114.22,102.07,102.01,101.9,102.07,103.34,114.22,131.31,147.26,131.32,131.38,131.23,116.38,116.38,116.31,116.38,147.26,123.4,131.47,131.43,117.04,117.04,107,106.74,147.26,101.9,119.85
2024/11/12,107.15,89.73,89.53,89.53,89.62,92.21,117.44,117.24,147.26,147.26,131.37,115.63,105.73,110.38,112.83,115.58,116.58,123.4,123.33,117.04,117.17,107.22,104.38,114.22,147.26,89.53,113.49
2024/11/11,92.37,78.05,78.05,78.05,78.05,90.5,87.98,106.8,116.84,131.57,143.05,131.54,141.81,131.51,131.54,137.94,131.54,131.54,131.57,116.84,113.76,113,106.61,106.61,143.05,78.05,114.95
2024/11/10,98.1,78.4,78.4,78.4,78.4,78.4,80.24,90.77,90.68,92.45,92.24,114.99,92,114.27,92,114.6,114.99,114.99,114.99,114.99,114.99,114.94,92.24,92.45,114.99,78.4,98.14
2024/11/09,113.22,88.17,87.58,80.28,80.28,87.55,88.34,93.07,93.07,105.86,105.84,105.61,105.82,105.81,104.82,105.64,105.25,105.73,105.85,105.86,104.28,92.08,92.29,92.29,113.22,80.28,98.15
2024/11/08,110.09,89.57,89.57,89.57,89.57,102.17,111.71,114.22,117.51,131.58,137.88,132.64,132.64,137.9,148.44,149.56,137.92,132.65,117.17,117.17,116.73,107.15,117.44,106.94,149.56,89.57,118.9
2024/11/07,103.65,89.39,89.39,89.48,89.48,102.16,114.48,107.74,117.84,136.21,155.07,136.87,116.13,116.84,116.84,116.84,151.02,137.03,117.44,117.51,114.94,107.66,111.71,104.64,155.07,89.39,115.89
2024/11/06,103.68,87.6,87.6,87.42,87.56,92.08,115.73,116.58,131.58,137.89,151.45,135.76,116.2,117.11,117.11,117.11,117.26,127.56,117.52,117.52,117.53,113.81,113.61,109.09,151.45,87.42,114.81
2024/11/05,103.72,92.74,87.46,87.49,87.52,102.64,104.21,106.62,117.37,136.94,136.94,136.94,136.94,137.63,137.63,136.87,136.13,131.98,132.17,127.56,127.62,107.46,105.14,104.95,137.63,87.46,118.98
2024/11/04,103.98,87.53,87.42,86.95,87.27,102.49,104.14,115.78,131.3,149.56,137.97,134.96,116.58,116.58,131.3,131.4,131.35,127.26,127.32,116.78,116.73,106.73,106.56,104.12,149.56,86.95,116.79
2024/11/03,106.63,92.24,87.58,87.11,87.42,92.45,92.45,92.7,104.63,104.63,104.63,104,0,87.3,104.57,104.57,108.6,109.96,109.97,109.97,109.58,108.46,108.85,105.6,109.97,0,97.93
2024/11/02,104.31,103.05,102.64,87.43,102.83,103.18,103.81,104.3,107.25,107.89,116.19,148.12,107.6,107.6,107.52,107.68,107.3,107.95,108.08,108.14,108.2,106.76,106.85,104.76,148.12,87.43,107.4
2024/11/01,112.58,103.44,102.83,91.75,101.85,103.45,106.6,131.3,151.13,150.53,145.71,135.22,116.31,113.82,114.22,113,131.17,131.26,131.26,107.08,103.42,103.42,103.42,103.42,151.13,91.75,117.9
2024/10/31,100.68,92.24,91.76,91.77,92.21,99.85,100.65,105.16,139.28,139.33,140.45,133.11,104.87,128.34,147.98,152.55,139.33,135.29,135.3,135.3,130.87,132.91,105.14,105.14,152.55,91.76,121.21
2024/10/30,101.81,76.9,77.3,78.08,99.38,87.14,100.42,109.13,139.31,117.02,116.97,109.93,100.4,100.58,110.68,109.06,116.86,117.02,117.12,116.32,117.33,100.89,116.03,111.96,139.31,76.9,107.08
2024/10/29,107.71,92.37,92.33,92.07,92.27,92.37,113.39,117.8,139.29,139.33,143.15,138.92,138.71,138.9,139.33,138.92,138.93,138.93,138.7,133.7,133.8,139.26,116.36,116.51,143.15,92.07,125.49
2024/10/28,75.66,75.64,75.64,75.64,76.87,75.64,92.8,132.89,139.32,145.25,137.78,148.3,137.6,148.01,155.57,139.32,137.77,137.77,137.54,133.86,133.86,133.86,116.6,103.96,155.57,75.64,122.79
2024/10/27,85.46,76.89,76.21,76.21,76.21,76.21,77.04,94.15,94.15,101.19,103.58,117.34,133.35,103.31,101.01,101.07,101.12,101.14,101.14,101.14,98.47,94.15,93.92,83.19,133.35,76.21,94.84
2024/10/26,93.31,92.62,77.5,77.5,77.5,77.69,92.8,93.24,93.31,104.72,111.88,133.33,104.17,102.59,101.05,100.07,102.8,102.86,106.82,106.44,106.47,93.31,93.31,93.31,133.33,77.5,97.45
2024/10/25,92.43,92.23,92.23,92.1,92.23,92.43,101.06,101.28,138.32,139.24,160.56,133.16,115.44,139.59,155.39,155.39,150.74,154.88,154.09,132.9,105.94,101.22,101.02,101.05,160.56,92.1,121.9
2024/10/24,92.57,92.37,92.14,91.93,92.05,92.26,102.6,102.82,106.46,138.05,139.33,129.46,128.35,129.12,132.92,135.75,135.75,135.84,135.98,136.08,106.45,106.45,106.46,100.62,139.33,91.93,116.12
2024/10/23,100.23,92.35,92.27,92.19,92.35,100.25,100.25,106.54,139.66,139.61,137.85,139.58,106.51,133.19,139.59,134.74,134.74,139.6,139.33,134.75,133.2,106.56,104.94,105.29,139.66,92.19,119.94
2024/10/22,105.75,105.75,92.4,91.94,92.14,105.75,106.94,106.94,137.72,138.92,148.56,147.17,138.73,147.86,146.83,146.46,138.92,138.89,138.69,133.8,133.72,106.92,99.86,99.86,148.56,91.94,124.78
2024/10/21,94.05,85.16,83.75,85.16,85.16,89.61,105.58,105.7,139.32,139.33,139.33,138.75,138.5,138.74,139.99,139.99,139.99,139.99,138.51,134.19,134,105.63,126.29,105.16,139.99,83.75,122.47
2024/10/20,92.73,92.73,92.07,77.76,79.4,92.21,92.73,92.66,92.73,92.73,92.73,92.52,87.04,92.66,101.22,101.34,109.09,108.58,109.15,109.15,101.7,101.75,100.72,100.72,109.15,77.76,96.62
2024/10/19,100.85,92.95,92.56,85.47,85.64,92.7,93.02,93.02,101.26,110.96,112.04,112.03,110.89,101.75,101.35,101.36,101.36,101.99,139.29,139.29,102.23,99.11,93.02,93.02,139.29,85.47,102.82
2024/10/18,116.77,104.4,104.46,98.74,104.46,104.46,104.77,105.64,141.78,142.24,142.24,142.9,138.17,143.55,143.57,143.57,152.67,141.4,141.66,134.37,139.7,105.58,105.37,105.11,152.67,98.74,126.98
2024/10/17,101.52,92.34,92.29,92.27,92.34,100.76,101.05,125.6,138.75,141.09,141.08,141.05,140.76,141.07,141.07,141.05,141.08,138.69,140.8,140.8,135.86,129.25,105.24,105.24,141.09,92.27,124.86
2024/10/16,100.68,92.35,92.35,92.14,92.35,106.1,106.97,116.76,138.66,138.68,154.49,138.67,133.51,138.67,138.67,138.67,145.28,145.41,145.53,145.3,135.21,125.4,128.3,106.97,154.49,92.14,126.25
2024/10/15,105.26,104.02,104.02,100.48,100.48,104.64,105.11,119.52,139.78,139.64,139.66,139.67,120.39,139.73,140.51,142.64,142.64,142.64,142.64,140.52,140.5,134.93,134.93,129.17,142.64,100.48,128.48
2024/10/14,100.91,92.02,86.58,86.58,86.58,86.58,92.74,105.19,137.39,161.25,140.64,140.63,137.7,140.52,140.57,148.44,150.11,140.62,140.64,137.7,137.16,136.67,130.5,105.28,161.25,86.58,126.37
2024/10/13,103.27,99.54,91.83,83.33,92.33,105.76,108.25,105.25,92.37,92.52,92.52,92.38,92.22,92.45,92.29,92.51,92.51,101.67,105.94,105.95,105.88,103.12,103.12,101.9,108.25,83.33,98.32
2024/10/12,105.62,103.11,103.41,103.44,103.44,103.36,105.62,100.48,100.2,100.24,106.59,106.58,106.44,105.67,100.09,105.82,105.88,106.6,107.29,107.36,107.36,106.72,106.72,106.72,107.36,100.09,104.85
2024/10/11,105.18,105.04,105.08,104.64,105.01,105.49,105.35,106.21,137.96,141.15,141.15,140.95,140.81,141.13,150.58,150.58,140.92,137.96,137.95,134.35,134.35,136.86,126.87,106.13,150.58,104.64,127.74
2024/10/10,102.43,92.04,92.09,77.02,77.02,92.54,95.66,100.75,128.48,140.26,140.25,140.2,134.76,140.23,140.23,140.02,140.09,140.24,140.24,140.02,134.54,129.37,124.12,111.07,140.26,77.02,122.49
2024/10/09,100.32,99.84,99.16,95.03,98,98.76,100.39,100.67,121.48,138.97,138.97,142.14,138.88,138.85,139.4,151.88,138.97,138.75,139.38,139.4,134.6,129.82,127.37,105.51,151.88,95.03,123.77
2024/10/08,105.11,104.26,104.26,103.64,104.03,104.26,104.69,129.58,138.66,138.65,135.45,135.31,122.21,135.07,135.51,140.55,140.55,140.55,140.55,135.53,129.58,128.3,120.43,114.34,140.55,103.64,125.44
2024/10/07,92.47,92.47,92.2,91.96,92.26,92.24,97.64,100.67,160.52,160.52,141.26,141.11,137.92,139.2,139.23,139.16,139.27,139.27,139.06,139.26,138.36,134.48,120.89,114.68,160.52,91.96,126.62
2024/10/06,83.42,79.1,77.26,76.01,76.01,77.73,78.46,76.01,76.01,76.01,92.66,92.89,93.34,101.96,102.02,101.58,101.71,102.03,102.04,102.05,102.05,101.76,93.35,93.25,102.05,76.01,90.59
2024/10/05,100.35,95.45,92.23,84.94,95.28,95.33,98.63,96.09,101.49,101.14,101.25,137.05,100.91,100.9,100.78,100.99,100.91,101.31,105.75,105.75,105.75,105.67,101.73,101.73,137.05,84.94,101.31
2024/10/04,100.68,78.12,78.12,78.12,78.12,78.24,92.72,105.97,123.46,136.94,139.28,136.94,127.13,127.69,130.36,130.36,139.44,139.44,136.94,128.58,105.93,100.96,100.96,100.76,139.44,78.12,114.36
2024/10/03,92.46,92.4,91.88,87.04,91.66,92.4,92.46,101.05,123.06,137.43,140.72,140.08,135.61,135.6,135.61,135.61,129.06,120.8,121.16,106.16,106.16,101.05,101.06,100.64,140.72,87.04,114.12
2024/10/02,105.41,98.22,98.22,98.32,98.32,103.6,105.41,129.24,139.3,152.32,152.32,139.28,137.89,139.25,139.27,141.38,141.38,141.38,144.08,144.08,135.44,128.59,128.3,113.21,152.32,98.22,128.73
2024/10/01,106.02,95.8,95.5,92.19,95.5,95.89,106.03,137.32,137.36,139.92,140.32,140.33,140.16,140.33,140.32,140.33,140.33,139.32,139.92,139.92,137.36,137.32,128.91,107.21,140.33,92.19,126.95
2024/09/30,107.11,92.82,92.5,92.21,92.41,92.73,106.4,106.9,142.73,142.76,145.72,145.7,142.75,149.89,149.89,149.89,149.89,145.7,145.72,142.76,142.5,139.3,141.64,121.75,149.89,92.21,131.12
2024/09/29,106.35,92.55,92.55,92.55,92.33,92.55,92.55,104.13,105.27,107.71,107.71,107.65,107.65,107.65,107.65,116.06,116.06,145.61,146.02,146.22,142.05,116.2,107.71,107.71,146.22,92.33,112.03
2024/09/28,114.2,107.21,107.22,106.77,106.32,107.02,107.22,107.21,107.18,132.33,140.72,139.97,139.77,141.74,152.33,146.93,146.93,146.93,146.94,144.72,144.51,141.38,134.21,107.19,152.33,106.32,129.14
2024/09/27,106.69,106.7,106.7,106.34,106.57,106.72,131.93,156,144.66,144.27,152.82,149.09,144.06,152.2,149.68,147.2,146.84,146.84,146.84,146.84,146.84,144.66,136.64,130.21,156,106.34,137.22
2024/09/26,106.93,106.94,106.53,105.24,106.42,106.86,106.95,156.6,156.46,156.47,156.47,146.71,146.49,146.71,146.7,144.25,144.25,146.82,146.82,144.27,144.27,144.89,139.19,106.95,156.6,105.24,135.7
2024/09/25,107.05,107.43,106.43,106.2,106.17,106.4,107.44,158.06,131.78,144.32,144.58,144.56,144.45,144.58,147.07,147.07,147.07,147.21,147.21,143.8,140.36,133.54,133.66,107.4,158.06,106.17,132.81
2024/09/24,107.11,107.12,105.88,105.54,105.68,106.74,107.14,107.11,145.52,149.38,152.33,149.34,146.78,149.31,149.31,149.31,146.69,146.69,144.81,144.81,144.81,139.96,138.4,107.09,152.33,105.54,133.5
2024/09/23,131.98,106.57,106.57,106.57,106.57,106.57,106.57,141.99,142.65,147.22,147.67,147.58,147.6,153.67,163.31,155.37,154.69,148.4,148.43,147.67,144.76,144.05,142.56,142.65,163.31,106.57,139.5
2024/09/22,137.35,115.03,111.72,111.72,111.72,111.72,113.26,140.39,143.63,143.63,143.63,144.36,144.35,151.56,144.38,152.29,144.38,144.38,144.38,151.01,144.36,143.63,142.04,138.97,152.29,111.72,137.18
2024/09/21,142.31,137.52,137.46,107.06,107.06,107.06,107.05,141.94,147.92,149.8,152.75,150.44,144.99,144.99,144.99,142.94,142.88,142.94,143.92,143.92,142.94,142.77,142.76,142.94,152.75,107.05,138.72
2024/09/20,227.24,145.53,145.53,129.58,132.35,140.2,141.23,146.39,154.69,159.67,159.71,159.35,156.91,159.36,159.71,163.3,163.3,163.3,163.87,159.66,159.5,147.57,147.21,145.74,227.24,129.58,156.19
2024/09/19,107.03,107.03,106.65,106.38,106.38,106.49,107.03,131.15,143.01,147.56,147.99,147.29,147.29,150.24,150.24,198.52,150.24,149.09,148.05,146.64,146.04,145.73,139.49,135.82,198.52,106.38,138.92
2024/09/18,107.51,107.27,106.58,106.58,106.58,106.82,107.51,107.51,115.28,137.29,137.95,140.15,140.05,140.05,140.05,147.45,147.45,147.45,147.45,141.63,141.63,141.16,133,115.28,147.45,106.58,129
2024/09/17,106.76,104.79,99.89,99.89,99.89,99.89,105.06,106.11,107.12,107.13,107.96,107.92,107.92,115.7,115.7,137.89,137.87,141.95,145.82,142.1,142.1,137.85,133,107.96,145.82,99.89,118.55
2024/09/16,114.47,107.54,106.62,106.62,106.56,106.62,107.54,107.54,107.49,107.49,141.41,140.17,140.07,140.07,141.62,147.75,147.75,147.75,147.76,141.63,141.63,137.9,137.3,115.01,147.76,106.56,127.85
2024/09/15,144.99,107.11,107.11,107.11,107.11,107.11,107.11,107.11,137.45,138.39,138.19,140.86,144.27,146.18,146.18,150.01,150.01,150.01,150.4,150.27,147.36,146.45,140.08,138.6,150.4,107.11,134.66
2024/09/14,170.14,143.77,137.95,137.72,134.55,134.55,144.83,144.83,145.15,149.05,149.05,148.84,148.84,151.7,150.34,148.84,148.84,146.91,151.56,148.15,146.74,145.85,142.97,142.55,170.14,134.55,146.57
2024/09/13,144.45,138.08,138.08,138.08,138.08,142.26,144.47,144.47,146.59,151.34,151.34,151.1,145.56,150.21,151.29,149.52,149.52,146.59,146.59,146.59,143.42,142.92,140.26,143.82,151.34,138.08,145.53
2024/09/12,146.28,138.39,138.2,137.35,137.35,138.2,143.14,143.14,145.07,154.38,156.41,156.93,156.93,156.93,161.71,208.06,166.78,156.93,156.93,156.93,150.96,148.1,147.17,143.96,208.06,137.35,153.33
2024/09/11,144.54,141.47,141.49,135.42,134.72,141.5,141.5,145.18,145.78,154.2,156.23,158.84,158.85,155.53,157.21,160.47,160.57,160.04,160.26,160.18,156.15,149.92,145.78,143.09,160.57,134.72,151.46
2024/09/10,144.59,137.23,132.83,129.21,129.08,137.69,138.73,144.63,143.08,149.31,150.31,152.76,152.2,155.37,159.03,173.95,175.23,158.98,156.57,157.02,149.43,148.24,146.26,143.06,175.23,129.08,149.94
2024/09/09,137.22,106.88,106.88,106.88,106.88,106.88,139.97,142.46,146.35,151.19,156.09,156.09,148.71,156.98,160.19,160.19,148.71,148.71,148.73,148.05,146.85,147.35,145.06,141.93,160.19,106.88,142.75
2024/09/08,138.14,129.68,111.89,111.89,111.89,111.89,111.89,115.19,115.19,140.37,140.37,141.35,143.91,141.34,143.19,145.07,145.07,147.97,147.98,151.02,147.98,145.09,143.66,143.65,151.02,111.89,135.58
2024/09/07,140.29,139.33,114.36,112.62,114.13,114.36,144.26,143.65,143.03,148.01,147.96,149.97,147.91,149.49,152.25,151.63,149.24,150.28,150.37,150.28,145.4,144.86,144.81,141.14,152.25,112.62,141.94
2024/09/06,140.07,106.84,106.84,106.84,106.84,106.84,142.39,143.91,146.76,149.69,150.29,151.94,148.6,154.5,156.48,156.48,156.18,149.17,146.76,146.76,146.7,144.36,144.25,144.17,156.48,106.84,141.55
2024/09/05,137.56,106.85,106.85,106.7,106.86,106.86,106.85,142.63,145.3,145.54,145.54,146.2,145.51,150.69,150.69,152.93,152.93,151.92,151.26,151.26,145.33,145.32,145.21,140.15,152.93,106.7,138.86
2024/09/04,107.06,107.07,106.74,106.33,106.07,106.97,134.88,145.44,145.91,148.78,148.75,149.15,148.72,151.11,151.08,150.99,150.91,150.88,148.36,148.36,145.91,144.21,144.21,140.82,151.11,106.07,138.95
2024/09/03,137.5,106.86,106.86,106.57,106.82,106.87,134.71,145.28,145.49,146.07,149.31,147.21,145.67,151,152.12,158.34,152.09,150.28,146.07,146.07,145.85,145.72,140.65,140.44,158.34,106.57,139.8
2024/09/02,106.87,106.86,106.74,106.76,106.74,106.86,106.86,142.34,146.4,222.99,153.58,155.21,150.52,156.87,158.91,162.43,158.91,153.77,150.57,150.56,149.28,147.94,147.94,139.96,222.99,106.74,145.05
2024/09/01,134.03,107.46,107.22,106.78,106.66,106.66,107.07,107.46,119.61,142,142.38,143.88,144.73,144.73,144.73,148.06,148.05,148.04,148.06,148.06,144.74,143.88,142.31,136.22,148.06,106.66,133.66
2024/08/31,146.64,143.85,107.42,107.42,107.43,107.43,107.42,144.45,143.23,141.7,144.32,144.32,148.53,184.68,148.65,148.65,148.66,146.84,148.66,144.32,143.82,143.82,143.74,140.47,184.68,107.42,140
2024/08/30,128.88,106.94,106.4,106.65,106.43,106.94,106.97,142.87,145.49,146.44,149.06,149.05,147.45,149.05,155.78,159.32,153.96,153.22,144.57,144.21,144.21,144.21,143.48,141.6,159.32,106.4,138.9
2024/08/29,128.88,106.76,106.45,106.4,101.44,106.45,107.32,144.29,146.17,147.05,146.97,146.95,146.61,146.91,149.35,148.03,148.03,148.04,147.78,143.3,146.78,143.3,143.07,137.98,149.35,101.44,137.12
2024/08/28,139.43,125.33,106.78,106.76,106.76,125.33,131.15,142.27,144.11,151.88,155.88,155.87,155.44,155.33,155.82,157.43,148.58,147.76,148.58,148.03,144.16,144.15,143.32,141.15,157.43,106.76,142.69
2024/08/27,140.05,136.2,129.24,127.47,127.47,129.07,139.25,141.43,143.99,155.49,158.07,165.58,152.81,155.49,161.26,161.28,154.83,154.65,155.11,154.87,146.46,144,142.04,141.48,165.58,127.47,147.92
2024/08/26,128.98,106.91,106.91,106.62,106.33,106.91,106.93,143.2,143.79,150.12,153.73,155.11,153.73,165.35,176.59,165.24,174.2,159.97,160.35,160.35,152.9,146.03,143.8,141.36,176.59,106.33,145.96
2024/08/25,140.48,107.61,107.61,107.29,107.29,107.4,107.61,143.57,141.87,144.13,144.13,144.13,144.76,149.27,148.25,144.76,144.73,144.74,147.59,144.76,144.77,142.37,142.38,142.22,149.27,107.29,136.3
2024/08/24,140.42,107.41,107.42,107.42,107.42,107.42,107.41,143.22,141.69,142.4,144.66,149.72,149.71,149.71,157.29,149.71,148.07,148.07,148.17,144.62,144.66,143.69,143.62,143.39,157.29,107.41,137.8
2024/08/23,137.43,136.34,136.34,125.89,124.05,135.61,135.75,141.34,144.05,151.61,153.11,153.09,152.2,153.33,153.33,164.82,164.81,149.36,147.96,147.96,146.83,144.46,142.98,139.65,164.82,124.05,146.23
2024/08/22,143.3,136.96,138.07,129.07,129.07,138.73,140.77,141.18,146.13,152.51,157.69,157.69,157.69,157.64,158.72,158.72,158.72,157.64,156.38,156.16,149.7,145.44,143.64,141.62,158.72,129.07,149.24
2024/08/21,143.3,138.11,135.8,128.99,134.42,138.35,140.1,140.75,146.38,156.11,183.92,187.83,179.68,185.96,183.62,178.68,155.91,155.6,157.46,155.07,153.16,146.48,143.68,141.05,187.83,128.99,156.62
2024/08/20,142.76,139.19,136.82,136.82,136.82,139.19,139.19,141.52,146.29,154.91,157.01,191.98,179.46,188.43,188.43,199.74,179.46,179.16,156.24,156.28,154.96,146.17,143.8,141.88,199.74,136.82,159.76
2024/08/19,135.76,135.76,106.85,106.85,106.85,106.85,133.93,144.8,144.01,151.07,156.25,156.26,153.73,197.62,194.26,172.57,172.57,156.21,156.9,156.87,153.26,146.23,145.07,141.25,197.62,106.85,150.47
2024/08/18,140.18,143,135.88,107.57,107.55,107.55,107.57,143.37,141.53,144.86,146.23,146.35,146.71,148.94,146.72,153.25,152.1,152,153.04,153.09,141.6,145.13,145.13,140.72,153.25,107.55,140.72
2024/08/17,140.83,137.15,137.16,130.46,125,129.13,130.46,142.59,141.95,143.88,149.06,149.61,149.6,197.4,159.8,156.79,148.46,146.68,146.73,146.79,147.94,144.97,144.92,140.42,197.4,125,146.04
2024/08/16,139.87,136.13,136.13,129.36,124.13,129.55,141.21,144.3,143.78,150.77,152.9,152.89,152.85,156.96,157.57,157.57,157.57,156.71,157.77,157.77,146.31,146.05,143.78,142.36,157.77,124.13,147.72
2024/08/15,146.55,138.34,138.44,138.44,138.44,139,139.52,141.71,146.16,145.98,146.83,146.98,147.19,148.19,159.03,159.03,159.02,147.66,154.85,147.59,147.64,145.64,144.31,141.92,159.03,138.34,146.65
2024/08/14,146.97,137.16,138.34,137.16,124.46,137.16,139.65,140.88,146.27,152.27,153.17,154.84,154.17,160.88,160.92,160.91,159.06,159.06,159.08,154.93,152.55,146.18,143.75,141.49,160.92,124.46,149.66
2024/08/13,144.6,138.84,139.26,138.85,125.21,138.88,139.26,141.26,143.82,154.7,155.03,154.52,154.52,162.32,162.29,162.29,157.52,157.52,157.53,155.29,153.13,198.88,143.83,141.84,198.88,125.21,152.18
2024/08/12,137.52,135.54,127.64,121.34,106.91,125.1,135.41,143.64,144.1,149.8,154.23,154.26,152.68,158.24,158.25,199.25,158.29,155.33,158.61,158.61,146.39,145.96,144.13,141.65,199.25,106.91,148.62
2024/08/11,140.39,129.99,107.69,107.4,107.4,107.69,107.69,138.62,139.96,142.72,144.72,142.72,145.53,146.52,145.53,145.53,146.52,151.94,152.44,152.46,151.94,145.53,143.06,141.97,152.46,107.4,138.36
2024/08/10,150.53,138.42,130.52,129.42,125.07,130.64,139.03,143.55,142.01,142.01,149.21,149.19,149.19,150.73,150.69,150.08,149.33,147.55,149.62,149.07,144.23,143.55,141.9,141.94,150.73,125.07,143.75
2024/08/09,137.35,136.13,129.61,126.07,125.71,135.13,135.81,142.14,147.67,150.46,153.78,153.68,153.39,156.25,164.42,198.92,164.41,154.67,150.27,147.13,147.13,144.19,144.15,142.21,198.92,125.71,149.06
2024/08/08,139.35,135.68,126.34,124.57,124.75,129.79,135.8,141.91,145.64,153.16,156.43,159.71,159.69,179.82,159.73,154.68,154.66,157.51,157.51,157.51,147.86,144.75,143.84,141.63,179.82,124.57,148.91
2024/08/07,137.37,135.46,124.82,124.62,124.62,128.38,135.8,141.31,146.07,149.61,155.91,160.07,155.57,161.91,161.86,157.81,158.47,156.13,155.06,155.06,148.06,145.94,143.76,141.26,161.91,124.62,147.66
2024/08/06,142.76,135.79,135.14,127.77,128.9,129.37,141.6,141.6,145.74,154.58,152.59,156.48,152.44,195.73,188.78,199.39,156.12,156.78,155.2,154.23,148.21,145.1,143.73,141.13,199.39,127.77,153.32
2024/08/05,128.98,106.85,106.85,106.85,106.74,106.85,139.48,143.51,145.27,151.49,151.5,153.94,153.95,158.64,183.24,198.91,158.51,153.66,153.66,153.65,146.84,146.02,143.85,139.47,198.91,106.74,146.46
2024/08/04,140.71,138.69,107.69,107.43,107.08,107.08,107.66,142.37,141.59,141.59,148,147.01,149.26,149.09,149.09,145.77,142.97,145.75,145.77,145.77,144.13,141.85,141.85,141.81,149.26,107.08,137.83
2024/08/03,141.23,107.54,107.54,107.3,107.07,107.54,107.54,142.14,147.92,146.82,146.7,149.03,149.73,156.18,156.17,158.9,155.78,149.69,150.24,150.39,149.56,146.32,145.42,140.98,158.9,107.07,140.77
2024/08/02,144.37,129.99,127.85,106.79,126.45,129.99,141.35,141.76,146.58,147.44,152.55,154.15,154.1,155.7,155.7,154.68,154.68,147.47,146.58,148.39,148.08,143.87,143.88,141.93,155.7,106.79,144.66
2024/08/01,145.62,106.8,106.8,106.78,106.78,106.8,106.8,138.76,142.62,146.27,148.31,148.27,147.12,148.23,148.23,147.76,147.1,147.94,147.04,153.23,147.44,144.45,142.59,142.35,153.23,106.78,138.22
2024/07/31,124.16,109.89,101.52,101.52,101.52,101.52,120.88,134.16,137.99,140.33,142.35,143.33,143.29,150.56,150.52,148.64,153.5,141.77,140.35,143.03,142.75,137.96,137.96,132.74,153.5,101.52,134.37
2024/07/30,125.01,100.02,95.3,95.3,95.3,95.3,100.57,118.52,138.16,140.78,143.59,144.2,142.62,142.94,152.31,150.74,152.23,141.96,141.99,142,141.66,138.46,138,133.29,152.31,95.3,131.9
2024/07/29,124.19,100.23,95.3,95.3,95.3,95.3,100.58,121.12,135.31,138.55,138.58,138.58,139.02,144.99,139.02,146.14,147.19,157.62,143.54,143.6,142.46,154.77,138.14,133.03,157.62,95.3,131.92
2024/07/28,124.53,101.06,100.74,95.2,95.2,96.06,96.06,101.56,127.22,181.23,139.21,179.24,139.53,139.15,139.79,141.66,141.53,141.68,147.91,147.89,181.45,143.14,134.11,118.97,181.45,95.2,133.1
2024/07/27,136.39,120.05,115.19,102.03,102.03,102.03,104.88,104.88,136.79,139.53,145.42,147.48,151.85,151.85,150.07,145.03,139.5,139.48,139.51,141.9,141.9,139.32,135.52,135.52,151.85,102.03,133.3
2024/07/26,125.12,101.83,100.74,100.95,100.95,100.95,120.34,132.8,139.02,139.02,149.79,155.53,149.79,174.79,208.9,208.9,153.63,150.97,147.53,141.32,140.2,139.02,138.01,134.72,208.9,100.74,143.25
2024/07/25,130.73,103.77,100.11,100.11,100.42,100.42,120.65,134.17,137.99,141.76,143.71,154.2,142.32,154.95,156.38,143.62,141.76,141.76,142.45,142.26,140.54,138.59,137.91,133.36,156.38,100.11,134.78
2024/07/24,124.26,103.7,99.86,99.86,99.86,99.86,120.62,133.67,139.02,150.42,144.29,152.21,142.16,143.74,149.59,145.48,144.29,150.83,150.91,150.88,142.95,139.03,137.85,134.72,152.21,99.86,135.76
2024/07/23,130.82,110.1,100.95,99.75,99.75,100.95,127.44,132.25,137.77,146.42,148.52,149.43,144.65,150.88,151.19,179.13,150.93,146.33,141.2,137.77,140.24,136.29,136.28,136.23,179.13,99.75,137.1
2024/07/22,100.41,100.49,99.25,95.22,95.22,100.38,100.38,133.96,138.28,142.07,143.84,144.4,142.68,144.4,144.72,144.32,144.4,139.15,138.31,138.31,137.74,136.95,136.95,136.83,144.72,95.22,131.19
2024/07/21,101.39,100.65,99.9,95.71,95.64,95.71,101.28,101.39,132.91,183.78,138.24,138.27,138.27,142.6,144.56,142.97,141.35,141.99,141.6,141.65,141.35,154.34,134.52,114.5,183.78,95.64,129.25
2024/07/20,124.93,100.97,100.33,99.58,95.57,99.8,100.97,104.6,136.25,137.59,143.29,143.33,143.24,147.15,147.15,143.19,137.56,138.02,138.07,138.07,137.56,137.56,135.7,134.57,147.15,95.57,129.12
2024/07/19,134.55,112.33,100.52,100.52,100.52,101.46,133.79,139.5,138.05,141.6,180.33,152.41,141.85,154.25,154.3,154.43,144.78,141.67,144.88,144.74,138.75,138.52,136.39,136.42,180.33,100.52,138.25
2024/07/18,132.94,112.47,103.29,100.14,100.14,103.44,136.42,138.51,137.84,141.38,141.47,141.48,141.86,141.86,141.85,141.82,141.3,140.58,140.52,140.3,137.84,136.35,136.03,136.03,141.86,100.14,133.49
2024/07/17,124.05,107.5,99.86,99.4,99.4,99.71,103.29,138.35,137.68,141.81,141.81,142.14,140.3,142.1,142.8,142.8,141.78,141.78,140.23,139.3,140.16,136.62,134.3,134.3,142.8,99.4,131.45
2024/07/16,124.19,103.5,99.41,99.41,99.41,99.41,103.5,132.24,138.4,142.12,143.7,151.02,142.91,143.94,143.35,142.91,143.7,142.91,138.38,138.39,138.39,135.81,133.68,132.47,151.02,99.41,131.76
2024/07/15,100.77,95.22,95.22,95.22,95.22,95.22,100.77,104.56,137.22,146.39,139.43,147.09,139.02,146.92,180.14,147.6,146.37,139.43,138.99,139,137.22,135.53,133.69,120.01,180.14,95.22,130.78
2024/07/14,101.49,100.57,100.62,95.65,95.75,95.75,100.62,101.08,101.34,104.71,119.41,135.04,135,138.25,138.25,138.25,138.25,138.25,138.25,150.43,154.6,135.52,135.52,121.24,154.6,95.65,123.13
2024/07/13,124.87,105.29,101.18,101.18,101.18,101.18,101.18,106.05,138.09,138,139.27,157.14,139.23,144.79,144.82,144.82,139.25,139.28,138.1,138.1,138.1,137.09,135.36,120.18,157.14,101.18,129.12
2024/07/12,124.19,99.95,99.65,99.51,99.51,99.92,104.59,131.85,137.05,140.97,141.54,141.52,140.56,141.51,151.24,151.24,141.51,141.2,139.89,139.28,138.06,135.06,133.69,132.52,151.24,99.51,131.24
2024/07/11,100.47,100.17,94.93,95.07,95.07,99.9,105.04,132.21,138.23,143.14,142.93,143.12,140.96,142.99,142.87,154.98,142.87,141.95,138.23,138.23,137.14,135.91,132.62,132.55,154.98,94.93,130.18
2024/07/10,124.19,99.99,99.52,99.46,99.46,99.52,138.81,135.89,136.36,144.47,144.47,144.47,138.53,144.47,144.47,145.26,146.05,145.65,143.19,143.19,138.51,136.36,136.37,136.35,146.05,99.46,133.78
2024/07/09,124.19,100.14,99.33,99.29,99.14,99.87,124.18,135.87,138.35,139.73,147.51,138.36,138.32,147.47,148.02,151.09,150.92,150.92,152.19,138.36,151.6,136.39,133.17,133.31,152.19,99.14,134.6
2024/07/08,145.99,99.86,99.5,95.14,99.5,99.86,103.58,132.21,138.21,145.7,139.53,146.2,138.26,146.2,159.22,159.22,187.56,139.3,138.99,138.34,138.41,136,133.82,132.76,187.56,95.14,135.96
2024/07/07,124.96,101.4,95.43,95.43,95.43,95.43,95.43,101.42,104.74,136.89,136.88,140.6,140.6,138.47,136.88,136.88,136.88,136.88,136.88,152.64,152.86,136.47,136.47,115.67,152.86,95.43,125.64
2024/07/06,135.42,124.67,104.81,100.89,100.89,100.89,102.27,134,134,133.99,138.82,139.32,137.77,138.36,139.06,138.48,139.09,139.32,139.22,138.7,146.74,153.91,134,133.79,153.91,100.89,131.15
2024/07/05,124.19,103.83,99.25,99.25,99.25,99.25,120.82,140.12,137.55,141.51,142,142.57,140.81,141.86,142.56,142.56,141.34,140.17,137.45,137.23,137.42,134.33,134.33,134.32,142.57,99.25,131.28
2024/07/04,105.58,95.99,94.83,94.83,94.01,94.83,105.06,132.04,136.77,143.38,142.86,143,141.63,143.36,143.36,143.1,142.13,138.1,138.1,138.1,136.77,133.58,134.89,117.98,143.38,94.01,128.74
2024/07/03,124.19,95.96,94.97,92.73,93.27,95.79,96.15,133.21,136.82,142.42,143.16,142.52,137.25,140.91,140.94,140.93,149.26,141.18,136.81,136.82,136.82,133.43,134.87,133.14,149.26,92.73,129.1
2024/07/02,124.19,107.51,107.46,99.01,107.31,107.51,107.5,133.15,141.26,144.82,143.59,143.96,143.09,143.89,157.92,143.09,143.66,143.09,138.48,138.48,136.99,133.15,133.57,133.04,157.92,99.01,133.31
2024/07/01,108.35,95.29,95.29,95.29,95.29,95.29,108.35,132.39,142.42,145.45,144.5,144.42,138.61,144.5,146.98,150.42,147.19,139.98,139.98,139.99,138.61,136.44,136.44,136.41,150.42,95.29,131.95
2024/06/30,110.78,95.84,92.28,92.28,91.12,86.83,92.28,95.82,124.55,131.27,132.05,137.12,132.12,132.1,138.81,132.04,132.06,139.42,139.42,139.42,149.77,137.25,130.37,110.94,149.77,86.83,122.03
2024/06/29,123.06,97.95,95.16,94.54,93.8,92.31,93.48,102.52,137.05,136.8,137.55,137.74,140.55,137.7,138.68,136.31,137.64,134.24,134.23,134.25,133.5,133.49,132.7,132.03,140.55,92.31,124.71
2024/06/28,119.93,95.5,95.5,92.59,91.44,91.64,99.38,117.1,133.68,136.28,136.27,138.74,138.73,140.19,148.93,146.91,138.7,138.67,136.28,134.66,134.7,131.43,131.43,129.85,148.93,91.44,126.96
2024/06/27,119.93,95.62,94.18,92.88,91.77,94.81,99.51,118.46,130.66,132.68,132.68,135.16,135.16,138.03,144.89,143.59,142.61,138.02,138,137.98,132.68,132.67,124.02,113.67,144.89,91.77,125.41
2024/06/26,97.51,92.91,92.02,88.77,88.79,88.83,94.73,102.39,131.17,132.96,134.84,134.84,134.69,138.13,139.79,139.79,141.37,139.74,138.09,134.82,138.09,131.28,131.09,130.47,141.37,88.77,123.62
2024/06/25,169.24,108.99,101.26,98.99,99.12,99.16,101.4,131.4,133.12,136.91,138.46,138.45,137.5,139.13,186.27,158.95,185.09,144.77,138.24,136.81,135.15,133.12,133.13,133.1,186.27,98.99,136.07
2024/06/24,95.47,92.94,90.66,88.6,88.76,93.82,95.31,117.53,137.42,138.34,139.02,139.22,137.74,146.91,185.72,145.19,138.37,137.34,134.84,134.8,131.68,130.58,130.58,115.74,185.72,88.6,127.68
2024/06/23,98.02,93.85,93.97,93.11,92.89,93.91,95.19,99.15,102.03,122,125.28,131.08,131.08,131.08,131.08,131.08,134.1,134.1,133.12,133.21,141.77,142.09,124.1,109.87,142.09,92.89,118.51
2024/06/22,123.12,120.73,98.4,98.4,98.4,98.5,98.4,102.07,121.71,133.94,133.94,139.48,137.97,146.37,146.4,138.45,137.68,133.93,138.1,137.64,138.02,131.8,124.58,110.73,146.4,98.4,125.63
2024/06/21,122.56,109.44,98.98,99.27,99.27,101.63,117.27,132.72,136.13,137.87,139.65,145.16,139.15,167.06,176.97,153.75,143.57,137.86,136.13,134.64,136.11,133.07,131.11,130.06,176.97,98.98,133.63
2024/06/20,117.55,98.42,98.42,98.52,98.52,98.52,98.52,134.41,138.93,138.6,138.43,140.13,135.16,138.32,145.12,143.64,143.64,143.39,138.32,138.27,134.41,134.78,134.78,130.68,145.12,98.42,129.18
2024/06/19,123.38,101.98,97.45,97.45,97.45,101.44,102.27,135.44,135.36,137.71,139.26,140.29,138.14,140.27,140.68,140.36,141.51,139.3,138.33,134.85,134.62,134.69,134.58,128.34,141.51,97.45,128.96
2024/06/18,120.06,99.81,99.81,98.23,98.08,98.23,132.64,133.72,134.48,138.33,175.21,139.94,138.25,140.58,152.47,152.45,176.09,175.33,136.46,134.37,134.37,134.87,132.64,130.28,176.09,98.08,135.69
2024/06/17,97.58,93.92,93.85,93.85,93.85,93.85,96.7,102.25,136.45,138.64,175.44,175.8,136.44,140.9,144.19,153.89,153.85,143.29,136.44,134.8,133.73,130.01,130.92,130.8,175.8,93.85,130.52
2024/06/16,97.91,96.95,95.15,87.41,87.41,95.1,95.16,95.23,95.22,96.79,99.5,118.8,117.2,139.04,120.11,125.61,139.3,138.72,135.12,135.12,138.92,125.68,116.97,99.86,139.3,87.41,113.32
2024/06/15,132.62,98.38,97.18,94.59,94.59,94.59,94.59,96.37,114.36,138.07,138.08,138.08,138.05,138.05,146.21,135.44,135.36,135.37,129.73,131.1,131.1,112.39,105.51,98.87,146.21,94.59,120.44
2024/06/14,136.8,115.54,108.96,102.48,102.48,102.48,102.48,130.3,135.48,139.04,147.79,140.87,138.99,148.44,150.06,148.43,140.09,138.49,137.06,139.98,137.06,147.65,135.45,132.37,150.06,102.48,133.02
2024/06/13,123.5,115.93,108.71,97.69,97.69,98.33,101.68,134.79,135.52,135.51,139.01,139.29,137.25,139.28,150.33,140.37,140.37,138.73,140.37,141.08,139.55,136.58,132.7,132.67,150.33,97.69,130.53
2024/06/12,135.43,135.38,111.56,111.56,111.56,108.88,123.92,123.92,133.44,136.79,139.33,139.11,136.79,139.29,139.31,143.97,143.97,144.34,144.79,144.79,137.04,143.87,135.5,133.44,144.79,108.88,134.29
2024/06/11,116.05,109,107.84,88.71,88.71,88.71,107.84,126.19,132.73,139.71,140.09,140.09,134.41,140.05,139.57,139.79,138.07,138.07,145.36,138.09,138.25,138.07,136.32,132.86,145.36,88.71,128.48
2024/06/10,108.29,92.67,91.48,80.89,80.89,91.57,108.23,114.34,138.14,139.69,141.14,139.69,134.18,141.92,143.08,143.08,142.16,141.16,134.86,133.03,132.99,132.96,132.41,130.81,143.08,80.89,125.96
2024/06/09,98.85,87.57,87.57,81.77,83.03,81.76,81.76,84.81,97.4,104.34,120.74,145.66,120.16,120.16,120.16,116.86,120.16,120.79,120.73,139.75,152.67,135.04,110.95,100.39,152.67,81.76,110.78
2024/06/08,137.83,135.78,114.67,98.73,98.73,98.73,108.67,98.73,126.39,126.39,140.91,142.39,140.46,126.39,136.14,136.1,136.11,136.11,136.11,140.45,136.31,136.14,136.14,136.13,142.39,98.73,128.05
2024/06/07,117.55,95.83,95.82,89.39,89.39,96.55,108.29,114.28,136.7,142.76,137.51,137.07,136.59,143.94,144.09,137.79,137.79,138.58,134.82,134.82,134.82,134.77,131.86,131.9,144.09,89.39,126.41
2024/06/06,135,132.58,132.53,112.35,132.52,109.49,110.54,109.49,133.24,134.22,138.87,138.91,138.89,142.79,142.78,139.25,138.44,138.39,138.47,138.92,139.2,138.5,138.25,133.34,142.79,109.49,133.13
2024/06/05,122.6,112.51,111.54,105.41,105.41,105.41,117.54,131.57,136.53,142.27,142.59,136.85,129.98,136.75,142.15,142.18,146.39,138.83,138.83,138.84,138.84,138.64,138.73,132.47,146.39,105.41,131.39
2024/06/04,112.69,109.67,111.25,110.09,111.38,109.67,112.47,110.45,134.34,138.69,169.16,138.63,138.27,138.59,138.59,138.6,147.03,136.9,135.76,135.79,135.8,135.77,133.02,133.25,169.16,109.67,130.72
2024/06/03,87.32,90.06,80.89,80.89,80.89,87.32,97.58,110.53,136.74,139.78,151.14,135.55,132.78,135.82,140.62,136.56,150.63,134.59,134.59,134.94,135.13,134.71,132.47,123.12,151.14,80.89,123.42
2024/06/02,88.88,81.26,81.2,81.2,87.57,91.24,87.57,78.27,40.16,87.57,88.51,94.68,100.08,110.57,104.08,104.08,109.83,110.94,103.6,104.78,110.85,104.2,103.36,100.08,110.94,40.16,94.87
2024/06/01,100.33,93.74,90.02,86.94,90.24,90.24,90.24,94.29,107.7,145.67,143.72,118.73,144.14,120.85,106.06,105.91,110.73,110.45,122.45,124.3,125.6,103.74,103.74,100.42,145.67,86.94,109.51
2024/05/31,135.88,111.57,111.76,101.32,101.32,111.76,111.57,131.55,139.19,145.36,149.66,142.17,141.48,142.17,142.17,142.17,143,140.92,139.57,140.39,142.17,139.6,139.6,139.63,149.66,101.32,133.61
2024/05/30,140.36,140.36,138.94,102.16,102.16,138.65,117.22,126.43,138.84,143.23,140.54,143,139.75,139.74,139.74,139.55,142.33,142.35,148.57,148.57,147.2,142.35,139.39,139.39,148.57,102.16,137.41
2024/05/29,110.27,112.13,101.54,98.64,101.69,111.13,111.85,119.27,137.41,142.45,144.2,143.87,137.88,138.55,144.54,138.67,155.16,148.66,139.23,148.52,141.74,139.38,137.88,137.4,155.16,98.64,132.12
2024/05/28,110.7,112.22,100.74,91.58,101.04,111.72,112.13,137.27,142.44,182.59,148.6,140.72,130.92,139.39,140.13,139.39,140.29,140.71,140.74,143.31,141.13,141.25,138.91,138.94,182.59,91.58,133.08
2024/05/27,91.81,82.66,82.66,81.77,81.77,88.62,95.78,113.61,138.08,140.46,142.5,140.96,137.86,142.93,145.59,145.19,157.83,142.41,140.96,141.05,140.66,140.72,137.47,137.22,157.83,81.77,127.41
2024/05/26,110.86,92.35,83.24,83.31,82.72,83.24,84.72,78.95,78.67,89.86,90.21,90.49,91.79,106.54,109.83,110.1,114.36,114.45,114.45,146.62,114.83,114.83,114.83,101.3,146.62,78.67,101.37
2024/05/25,112.35,97.74,91.73,91.73,91.73,92.19,92.19,92.49,101.86,109.86,109.56,109.4,107.7,102.68,110.01,110.02,110.09,104.6,113.51,114.48,114.48,114.48,113.89,109.53,114.48,91.73,105.19
2024/05/24,114.71,98.49,92.04,91,90.76,92.51,99.21,101,137.47,137.98,139.43,142.44,141.49,143,144.11,144.92,163.28,142.03,142.42,144.92,142.59,142.04,142.06,142.09,163.28,90.76,129.68
2024/05/23,114.62,110.53,101.88,94.98,94.98,101.64,101.73,114.43,113.38,137.55,138.22,137.96,133.18,137.62,139.87,138.35,142.99,142.99,142.99,146.18,144.66,142.99,141.13,141.13,146.18,94.98,128.64
2024/05/22,114.62,114.71,98.97,95.11,95.11,101.86,114.46,113.6,138.72,142.52,137.4,142.23,135.68,135.68,142.54,137.06,140.63,141.57,141.98,149.1,153.71,141.75,140.13,140.13,153.71,95.11,130.77
2024/05/21,114.71,114.71,99.14,91.74,95.28,102.03,114.62,113.6,140.42,138.82,138.79,138.82,138.82,138.81,138.82,138.82,149.03,142.33,144.66,145.52,142.33,138.82,138.79,137.18,149.03,91.74,130.23
2024/05/20,92.97,89.65,89.24,89.24,92.97,92.97,96.19,113.89,139.14,143.02,148.08,153.05,139.12,141.02,145.22,147.09,152.09,151.12,151.12,151.12,143.85,131.19,127.69,114.34,153.05,89.24,128.7
2024/05/19,109.5,92.52,92.55,92.59,92.58,92.58,94.74,92.11,92.11,114.27,114.36,113.98,113.8,113.8,113.8,113.61,110.8,139.8,141.78,140.64,138.41,134.66,114.27,105.28,141.78,92.11,112.26
2024/05/18,114.99,107.81,107.81,107.81,113.72,114.48,114.48,107.46,107.24,114.13,142.5,115.07,142.94,114.36,142.73,142.61,114.36,142.56,142.55,137.05,142.52,130.35,114.48,114.48,142.94,107.24,122.91
2024/05/17,112.5,112.02,93.45,91.77,101.71,104.68,113.66,114.99,139.48,139.84,142.44,133.34,143,132.84,146.73,146.73,146.73,138.94,137.22,137.22,139.23,137.22,139.15,137.22,146.73,91.77,129.14
2024/05/16,105.05,91.07,90.7,91.3,94.59,105.05,105.05,113.98,134.65,140.34,135.67,132.33,132.23,146.21,146.21,134.88,146.21,159.48,133.45,135.81,135.57,130.03,124.65,113.6,159.48,90.7,125.32
2024/05/15,110.8,105.11,93.04,91.41,105.11,105.11,93.27,85.46,91.02,106.98,107.46,107.22,107.24,107.8,115.76,115.76,114.27,102.85,114.27,114.57,114.27,114.27,114.27,107.3,115.76,85.46,106.28
2024/05/14,115.08,102.53,91.52,91.52,99.62,115.36,115.08,114.71,139.03,139.23,154.11,133.45,153.44,133.45,144.28,148.47,152.48,142.07,133.84,144.28,140.52,141.09,140.16,116.46,154.11,91.52,130.07
2024/05/13,97.18,89.24,83.22,82.66,83.22,91.31,104.06,114.26,138.14,138.2,133.51,138.14,133.35,133.51,154.05,133.51,143.5,137.22,141.97,139.24,139.36,139.48,141.97,137.85,154.05,82.66,125.55
2024/05/12,95.89,83.24,82.72,82.72,91.71,95.89,100.77,98.28,82.72,91.2,118.07,114.65,112.58,90.95,90.89,90.95,90.57,97.03,98.85,118.95,118.99,110.79,110.79,98.94,118.99,82.72,99.04
2024/05/11,115.85,98.58,91.92,90.32,96.22,115.64,140.33,96.22,84.88,92.62,113.42,109.89,146.08,114.57,146.53,115.04,115.23,115.23,140.36,140.54,140.54,140.54,115.89,140.54,146.53,84.88,117.86
2024/05/10,115.08,114.95,103.59,103.86,103.59,114.56,115.27,114.99,138.37,138.5,134.09,132.86,132.03,132.53,134.09,133.41,134.95,139.1,134.09,134.09,133.4,138.05,138.07,126.3,139.1,103.59,127.23
2024/05/09,126.44,115.86,115.86,95.82,113.76,125.53,129.12,129.52,150.76,156.91,141.06,135.12,113.79,132.29,138.36,134.54,132.82,137.22,137.22,140.89,140.53,140.59,138.1,138.11,156.91,95.82,132.4
2024/05/08,133.77,115.54,115.48,115.48,115.48,115.63,136.32,139.32,145.64,145.64,135.29,136.15,136.41,136.16,136.16,138.14,134.97,135.05,139.64,139.68,139.69,139.66,139.66,139.45,145.64,115.48,134.12
2024/05/07,112.97,107.48,107.48,107.48,107.48,107.48,113.89,115.27,141.16,153.22,142.44,140.89,133,140.89,141.45,142.11,163.28,140.89,140.89,144.08,140.89,138.49,138.49,138.32,163.28,107.48,133.22
2024/05/06,108.05,91.51,91.51,91.51,91.51,91.51,92.25,113.52,138.17,139.12,139.83,155.79,139,153.96,153.96,154.02,161.22,144.55,144.55,144.55,144.55,141.8,139.12,138.12,161.22,91.51,131.83
2024/05/05,114.43,95.32,93.05,91.03,91.15,90.99,91.49,91.16,91.16,91.49,110.03,94.1,104.6,106.12,136.65,133.02,134.94,144.79,144.81,144.86,144.82,144.86,144.79,144.77,144.86,90.99,116.93
2024/05/04,139.09,138.94,138.94,138.84,138.95,139.16,139.21,138.9,105.2,124.18,139.21,139.14,192.34,139.18,139.18,145.74,145.59,138.85,138.87,139.16,139.13,138.92,138.92,138.92,192.34,105.2,139.52
2024/05/03,137.55,137.57,137.57,123.81,125.86,137.61,137.57,137.46,137.65,138.45,138.5,139.19,132.17,138.48,138.31,138.24,139.15,139.19,139.24,148.73,139.63,142.88,139.47,143.51,148.73,123.81,138.05
2024/05/02,137.12,112.5,137.11,103.12,137.03,137.14,137.14,136.97,137.11,140.4,140.4,134.54,130.92,133.55,133.08,129.4,142.87,139.21,144.28,144.28,144.28,144.24,139.62,139.89,144.28,103.12,136.12
2024/05/01,141.27,141.27,141.25,112.25,113.6,141.27,141.27,141.17,103.13,103.68,111.57,111.2,103.27,103.52,110,109.23,103.24,113.97,134.3,137.18,141.27,141.28,141.29,141.3,141.3,103.13,125.19
2024/04/30,129.76,110.09,103.86,103.17,103.86,110.41,129.76,162.45,164.89,143.48,129.76,129.76,102.72,110.95,129.76,130.41,141,162.45,162.45,151.26,151.24,143.36,143.14,143.15,164.89,102.72,134.27
2024/04/29,97.91,92.37,92.37,92.37,101.4,101.4,101.4,115.35,157.67,151.3,188.25,150.98,148.12,151.1,158.03,162.45,162.45,145.36,147.01,145.36,145.31,162.45,141.46,141.36,188.25,92.37,138.91
2024/04/28,99.37,85.8,83.15,83.15,92.55,99.37,103.6,100.07,78.9,94.12,99.93,95.34,94.25,94.06,99.76,100.4,100.69,114.14,114.14,117.74,115.13,103.42,103.63,100.23,117.74,78.9,99.55
2024/04/27,145.3,145.16,145.22,116.87,116.87,145.26,160.45,162.15,116.36,114.48,119.99,117.9,151.14,117.78,117.78,117.9,117.96,116.3,162.04,146.58,160.27,146.59,146.53,146.61,162.15,114.48,136.5
2024/04/26,155.67,118.84,115.89,113.96,113.96,116.18,142.42,142.4,142.77,143.46,143.02,142.94,135.42,142.58,142.58,136.02,142.45,146.28,147.27,146.94,146.73,145.29,142.91,142.39,155.67,113.96,138.37
2024/04/25,141.9,141.9,141.87,116.33,141.88,141.91,151.19,141.91,153.56,142.29,136.22,136.22,114.07,131.71,131.71,131.71,130.07,135.85,141.48,151.39,151.36,142.17,141.9,141.9,153.56,114.07,139.22
2024/04/24,116.44,116.08,113.42,113.42,113.42,115.29,139.87,139.98,150.91,150.21,158.95,149.98,135.6,145.79,149.96,135.6,135.6,142.92,145.83,149.7,146.55,145.82,159.03,144.07,159.03,113.42,139.08
2024/04/23,159.63,118.33,116.08,113.91,115.28,116.16,141.65,141.81,188.25,142.15,133.68,134.53,129.61,133.68,136.09,141.62,146.73,146.74,157.49,152.77,151.88,146.74,142.27,141.8,188.25,113.91,140.39
2024/04/22,96.34,85.66,91.72,91.99,85.66,91.81,115.89,116.25,146.78,145.37,145.25,140.31,97.05,138.58,141.54,142.25,142.31,142.78,151.86,152.41,151.69,142.64,142.67,142.12,152.41,85.66,129.13
2024/04/21,100.02,92.55,88.34,83.74,84.51,88.34,92.55,87.32,81.92,85.72,86.13,81.92,81.92,95.39,97.87,96.08,96.08,100.81,121.97,125.6,126.59,125.6,125.6,117.88,126.59,81.92,99.47
2024/04/20,120.95,93.46,92.38,92.86,92.86,100.87,100.87,100.87,117.29,119.23,119.18,119.06,118.28,119.06,160.27,159.93,158.39,146.72,146.82,160.27,146.83,146.84,146.82,119.26,160.27,92.38,125.86
2024/04/19,116.23,96.19,86.09,85.93,86.09,99.29,101.47,113.62,122.65,113.59,97.3,97.25,96.34,96.88,97.28,102.48,116.93,117.21,120.65,138.57,138.54,138.48,117.84,117.02,138.57,85.93,109.91
2024/04/18,116.23,95.91,95.64,95.83,101.22,116.28,116.18,113.47,146.69,135.68,135.68,135.68,113.51,130,135.51,135.51,136.29,138.47,140.08,142.61,146.71,140.23,146.61,130.45,146.71,95.64,127.61
2024/04/17,116.28,116.28,111.46,103.31,109.1,111.58,111.46,143.54,143.61,144.31,142.71,133.41,114.46,128.88,133.41,133.41,129.77,132.9,139.01,147.28,147.4,145.84,143.61,143.61,147.4,103.31,131.11
2024/04/16,115.61,109.93,99.29,95.57,99.29,101.47,115.89,142.93,143.03,191.97,142.99,142.75,137.15,137.15,137.28,141.79,141.55,137.12,138.79,142.3,143.04,143.05,143.06,143.06,191.97,95.57,133.54
2024/04/15,98.68,92.47,85.9,85.65,85.9,85.9,92.5,113.47,149.68,188.14,188.25,146.71,137.15,143.08,146.89,146.73,140,143.08,144.49,144.49,144.33,144.34,144.34,114.84,188.25,85.65,132.87
2024/04/14,99.52,94.96,86.66,86.65,86.68,100.28,99.37,94.77,95.19,98.75,97.48,97.23,94.12,94.57,95.51,118.2,118.2,139.73,119,141.75,139.71,119.84,119.08,98.5,141.75,86.65,106.62
2024/04/13,100.36,92.86,86.9,86.9,86.9,100.94,101.13,92.86,96.25,98.07,98.09,97.68,96.23,95.49,95.65,96.38,97.68,97.82,98.06,98.32,98.83,99.09,99.6,111.31,111.31,86.9,96.92
2024/04/12,101.85,99.08,87.57,87.34,87.57,95.88,102.01,101.85,137.41,148.26,142.3,142.3,119.09,119.09,119.09,119.09,116.23,97.41,98.42,99.08,99.18,99.44,99.29,99.98,148.26,87.34,109.42
2024/04/11,102.01,96.31,86.93,85.92,86.93,96.31,102.32,113.53,158.09,164.2,137.28,141.68,117.79,144.41,117.79,143.55,117.79,128.39,141.14,142.3,141.05,114.74,141.61,116.33,164.2,85.92,123.75
2024/04/10,117.35,102.4,95.98,95.95,99.16,149.78,149.95,149.88,110.38,137.44,150.28,116.18,116.18,143.15,115.93,137.44,109.98,110.69,147.73,147.74,147.75,147.74,147.77,142.26,150.28,95.95,129.34
2024/04/09,101.22,95.68,86.84,86.84,87.05,95.96,126.78,129.76,144.51,144.45,136.64,133.59,113.17,129.76,133.59,133.59,133.59,142.3,137.98,137.98,136.88,131.6,129.76,129.76,144.51,86.84,124.5
2024/04/08,99.08,99.08,96.22,86.38,86.38,99.08,113.07,129.76,162.45,151.46,137.43,136.47,135.8,135.82,136.52,136.13,137.13,162.45,137.16,137.16,141.61,132.51,129.76,129.76,162.45,86.38,128.6
2024/04/07,102.88,93.12,86.6,86.5,97.67,103.05,103.19,102.56,94.86,95.92,96.53,94.95,93.55,95.36,95.62,96.14,98.07,130.14,130.14,114.48,101.93,102.09,102.09,102.4,130.14,86.5,101.42
2024/04/06,117.76,103.22,96.62,96.08,96.28,103.54,103.54,103.54,96.77,102.75,96.9,96.88,96.62,96.44,96.42,96.27,97,114.7,101.64,130.71,130.71,130.71,130.71,130.71,130.71,96.08,107.75
2024/04/05,129.76,129.76,103.65,95.35,102.33,104.4,129.76,129.76,144.59,154.77,138.52,139.67,139.32,150.26,150.26,139.41,139.2,129.76,142.3,137.93,144.6,144.61,144.42,129.76,154.77,95.35,133.99
2024/04/04,129.76,129.76,106.84,103.82,111.32,129.76,129.76,146.37,148.26,162.45,150.27,150.27,145.28,150.24,150.26,162.45,141.62,145.33,145.37,162.45,145.24,143.27,143.28,143.21,162.45,103.82,141.69
2024/04/03,110.63,146.19,112.36,112.47,112.47,112.47,115.06,140.28,142.51,162.45,163.37,150.25,143.89,149.38,149.38,158.57,146.34,146.33,146.34,146.33,143.99,143.67,142.3,141.59,163.37,110.63,140.41
2024/04/02,115.99,111.98,105.97,102.71,105.65,111.98,142.02,156.19,149.36,156.47,137.05,114.55,112.27,114.46,130.61,140.62,141.61,144.54,147.63,147.14,147.18,145.8,145.89,141.96,156.47,102.71,133.07
2024/04/01,116.23,95.81,85.94,83.92,85.94,95.81,103.74,116.28,151.81,147.06,117.4,107.12,95.77,96.89,105.79,110.39,120.06,120.06,138.71,141.78,146.34,146.34,146.34,146.14,151.81,83.92,119.45
2024/03/31,125.81,125.9,115.4,108.24,118.72,125.9,153.36,141.4,95.87,95.89,105.33,95.87,91.56,91.52,100.21,95.09,95.87,123.56,142.6,127.81,127.81,153.41,127,141.9,153.41,91.52,119.72
2024/03/30,156.58,156.59,123.59,120.9,123.59,156.46,156.6,126.58,112.28,112.28,154.22,122,122,122,122,100.55,102.33,119.45,142.5,148.37,148.38,148.38,148.34,154.26,156.6,100.55,134.18
2024/03/29,146.02,120.07,120.07,120.07,120.07,120.07,156.03,156.03,156.38,156.01,130.98,120.09,117.98,120.07,119.96,130.67,153.27,148.37,153.28,153.28,157.16,157.03,155.96,156.04,157.16,117.98,140.02
2024/03/28,120.54,119.97,119.97,119.97,119.97,119.97,120.42,153.23,154.96,167.81,158.88,158.88,146.5,158.88,159.69,165.47,158.88,158.88,158.88,158.88,155.05,150.35,151.71,153.22,167.81,119.97,147.72
2024/03/27,149.86,120.59,118.5,116.57,118.5,121.18,151.82,151.81,155.71,165.47,159.69,159.29,148.03,156.6,160.09,168.71,171.24,153.96,155.71,155.71,153.96,156.25,151.77,153.69,171.24,116.57,149.86
2024/03/26,151.54,120.11,120.11,120.24,120.24,120.24,126.78,153.24,159.51,203.29,159.51,154.11,119.5,153.92,154.1,154.1,154.11,159.51,160.73,160.96,159.51,154.12,155.16,153.86,203.29,119.5,149.27
2024/03/25,124.24,105.24,105.24,105.24,105.24,105.24,156.31,156.5,163.29,208.14,163.02,156.2,150.87,162.11,162.33,162.39,156.2,156.2,162.11,156.21,156.15,153.07,153.02,152.89,208.14,105.24,150
2024/03/24,127.8,104.62,104.62,100.21,104.62,125.92,130.8,122.6,95.83,100.21,100.21,96.49,95.77,95.77,95.42,91.38,95.47,104.78,127.57,130.54,130.54,129.41,129.5,128.34,130.8,91.38,112.21
2024/03/23,158.33,156.67,124.91,120.02,139.13,156.68,156.69,156.69,156.69,105.68,126.62,127.32,100.55,105.24,104.91,95.27,95.53,104.76,157.38,157.4,157.41,157.42,157.42,157.43,158.33,95.27,136.36
2024/03/22,168.26,168.25,121.65,121.65,153.45,153.6,156.03,156.92,155.27,155.08,146.81,124.8,100.13,120.19,119.58,153.27,153.28,153.28,153.28,153.4,153.4,153.46,153.57,160.11,168.26,100.13,146.64
2024/03/21,127.41,108.69,103.53,103.34,107.31,127.59,127.59,153.23,148.94,146.86,151.23,150.46,126.25,147.14,149.42,149.29,149.29,149.29,147.14,149.62,148.82,148.58,152.59,152.62,153.23,103.34,139.27
2024/03/20,124.24,107.31,103.39,103.32,103.63,118.48,125.91,129.18,153.28,147.17,147.16,148.55,112.79,121.17,123.12,132.49,125.62,125.62,146.98,147.59,147.64,147.69,152.99,153,153.28,103.32,132.18
2024/03/19,124.24,101.77,101.77,101.77,101.77,104.28,120.27,145.22,145.92,165.47,154.48,154.48,145.91,154.48,154.44,153.28,145.92,146.58,148.67,148.93,147.72,147.03,151.27,151.28,165.47,101.77,139.72
2024/03/18,124.98,90.83,86.3,86.3,86.3,94.53,109.22,133.27,146.19,170.03,169.72,154.46,146.17,154.43,146.17,153.26,146.17,146.17,146.19,146.19,146.19,145.53,151.89,151.89,170.03,86.3,137.26
2024/03/17,133.54,106.51,95.97,95.97,95.97,128.43,133.91,131.52,99.15,95.96,93.07,105.37,116.59,91.76,100.21,91.41,91.41,105.37,133.04,133.54,160.68,160.64,160.6,160.53,160.68,91.41,119.22
2024/03/16,155.71,155.71,155.71,136.23,155.72,155.72,155.72,154.82,117.62,106.25,99.48,95.68,100.55,95.65,104.91,99.48,104.91,131.81,147.46,158.07,158.08,158.08,158.08,158.09,158.09,95.65,136.04
2024/03/15,145.83,121.02,112.56,103.57,115.89,143.38,154.93,154.91,162.35,150.18,146.39,148.62,99.07,97.01,100.77,131.45,117.73,121.04,148.29,148.49,148.64,154.9,154.91,154.94,162.35,97.01,135.84
2024/03/14,128.74,117.07,107.31,103.63,107.4,129.19,130.62,153.73,171.96,171.24,159.69,146.76,141.76,141.76,141.73,141.73,140.55,145.92,160.08,160.09,153.27,153.27,152.34,152.35,171.96,103.63,143.28
2024/03/13,146.27,107.91,107.91,108.17,108.17,108.69,150.12,156.34,160.51,175.87,167.07,167.8,156.34,156.34,156.34,156.34,157.7,156.32,159.41,158.22,156.34,152.76,151.32,152.91,175.87,107.91,148.44
2024/03/12,148.87,107.12,107.12,107.12,107.12,107.12,149.52,153.02,160.1,179.39,170.48,168.38,160.21,160.3,159.57,157.72,158.89,159.79,160.21,160.21,154.56,152.75,158.79,158.81,179.39,107.12,150.47
2024/03/11,108.05,83.44,84.24,84.24,84.24,84.24,108.05,108.69,163.58,177.79,163.34,153.78,153.48,153.69,153.74,159.97,153.74,153.74,153.8,153.8,153.76,153.76,153.61,151.21,177.79,83.44,138.49
2024/03/10,156.87,154.76,110.09,110.35,110.35,154.77,158.83,155.25,110.09,91.64,91.77,91.28,91.29,6.93,82.66,91.5,93.74,106.51,156.25,156.39,156.09,156.1,156.1,159.56,159.56,6.93,124.66
2024/03/09,157.84,110.46,110.46,109.16,110.73,110.73,157.36,158.88,110.73,110.46,100.55,107.76,95.71,95.41,95.43,95.96,107.57,154.25,154.27,156.13,159.46,159.97,161.45,158.78,161.45,95.41,128.79
2024/03/08,108.22,99.07,94.56,90.83,94.55,95.86,109.48,139.5,159.69,171.52,161.97,158.96,152.91,159.69,159.69,159.69,153.07,145.66,150.75,145.67,142.91,108.69,109.48,120.38,171.52,90.83,134.51
2024/03/07,107.31,94.48,90.83,90.83,90.83,95,108.17,108.69,165.47,179.82,174.71,165.47,154.48,159.69,154.67,145.83,145.83,145.83,153.29,145.07,148.6,139.29,131.2,131.94,179.82,90.83,136.59
2024/03/06,107.38,95.03,94.64,94.64,94.36,94.73,108.17,140.03,171.11,172.44,165.47,165.47,152.65,159.37,159.37,159.69,153.29,153.53,153.91,154.12,152.7,152.35,152.35,152.35,172.44,94.36,142.25
2024/03/05,100.13,94.8,94.8,94.8,94.8,94.8,105.85,107.38,159.69,177.25,163.12,163.39,146.27,163.39,157.4,162.57,157.01,153.8,153.56,148.78,153.56,154.06,131.23,131.19,177.25,94.8,138.43
2024/03/04,99.07,86.82,80.97,80.97,80.97,81.81,92.63,108.69,173.82,175.21,160.61,154.06,146.22,150.25,149.63,149.63,146.22,146.22,148.56,148.63,145.43,131.05,107.12,107.12,175.21,80.97,130.21
2024/03/03,107.39,100.21,82.66,82.66,82.66,99.15,105.8,107.39,95.99,107.39,100.21,104.76,95.93,95.93,95.68,95.7,95.94,96.31,107.21,107.39,107.39,107.54,107.39,107.39,107.54,82.66,100.18
2024/03/02,100.28,99.48,95.38,91.24,91.24,95.38,99.48,102.02,101.85,104.14,100.76,95.88,95.22,95.88,99.48,100.55,99.48,100.55,100.55,100.55,105.29,100.55,100.55,99.48,105.29,91.24,99.07
2024/03/01,107.39,95.3,87.89,86.5,88.78,100.21,111.4,111.4,111.67,109.57,99.15,99.15,96.36,95.91,95.91,98.25,100.21,128.34,109.57,109.83,109.83,110.35,112.19,112.19,128.34,86.5,104.05
2024/02/29,109.09,96.62,96.62,96.62,96.62,99.12,110.27,124.19,162.57,171.88,163.68,158.34,149.39,164.92,157.54,150.82,157.52,149.11,149.85,142.01,134.5,134.35,132.84,132.86,171.88,96.62,137.36
2024/02/28,109.7,92.34,85.82,85.98,85.97,101.78,109.96,132.52,166.76,164.92,164.92,159.31,149.22,154.34,150.57,150.46,151.04,147.08,151.04,147.08,147.08,141.02,133.04,132.67,166.76,85.82,135.97
2024/02/27,114.27,100.78,92.34,85.81,92.34,112.55,114.18,153.93,160.51,160.67,157.09,151.34,147.25,147.25,147.25,147.25,151.34,151.04,159.17,147.26,139.16,137.9,133.92,132.4,160.67,85.81,136.1
2024/02/26,101.78,83.96,80.08,74.81,80.08,80.08,92.34,119.04,170.68,181.65,168.26,159.17,147.37,147.37,147.37,147.37,148.88,154.9,149.01,147.38,138.68,148.04,148.07,148.07,181.65,74.81,135.17
2024/02/25,100.41,89.22,75.82,75.82,75.82,75.82,92.06,96.29,110.16,108.76,101.47,96.29,96.29,87.37,87.37,87.79,100.41,108.04,160.46,127.97,109.36,101.47,97.34,97.91,160.46,75.82,99.06
2024/02/24,110.99,88.62,86.67,86.74,86.8,86.83,92.08,92.08,130.87,160.14,150.42,138.63,108.33,108.05,107.64,94.52,107.72,107.72,127.59,107.07,100.44,90.12,90.12,100.44,160.14,86.67,107.17
2024/02/23,95.74,83.96,83.96,79.84,79.84,83.96,93.11,129.61,167.41,171.88,170.68,170.68,152.18,170.68,159.17,161.8,152.17,141.94,133.19,133.2,130.3,129.64,106.98,101.78,171.88,79.84,131.53
2024/02/22,95.74,83.96,79.84,79.84,79.84,94.46,92.34,113.73,159.11,159.79,167.11,169.43,152.23,155.92,162.32,159.17,152.23,152.23,139.41,137.64,133.04,126.08,126.63,129.94,169.43,79.84,132.69
2024/02/21,94.95,79.84,79.84,79.84,79.84,83.96,86.92,106.28,159.53,160.61,159.12,163.06,153.14,161.61,170.2,153.73,151.97,143.31,139.49,137.67,130.04,130.13,109.09,118.96,170.2,79.84,129.65
2024/02/20,100.71,75.9,75.9,79.92,75.9,83.96,92.34,105.33,159.17,170.68,159.16,162.72,151.45,160.83,159.17,151.44,152.57,151.45,140.59,136.34,132.95,126.08,109.17,106.12,170.68,75.9,129.37
2024/02/19,83.96,75.96,75.96,75.96,75.96,75.96,78.59,85.64,130.28,156.54,155.93,159.73,133.9,159.53,175.97,174.91,151.03,133.9,133.85,127.64,125.99,95.5,93.8,91.02,175.97,75.96,122.33
2024/02/18,93.37,92.06,86.9,78.2,78.2,87.06,87.18,87.18,92.06,93.68,94.93,95.42,94.11,93.78,93.74,93.22,93.12,93.52,96.29,94.93,94.89,94.11,94.11,94.11,96.29,78.2,91.56
2024/02/17,99.69,92.08,78.66,83.73,83.73,86.97,92.08,92.94,96.32,106.61,100.44,94.55,87.17,87.16,86.96,87.13,91.4,96.32,100.44,100.44,100.44,100.44,100.44,100.44,106.61,78.66,93.8
2024/02/16,107.06,94.9,94.41,94.41,94.41,94.9,107.52,117.89,151.03,174.5,141.16,149.56,132.82,133.47,133.47,133.47,133.48,133.51,140.46,133.55,110.5,110.31,107.06,118.7,174.5,94.41,123.82
2024/02/15,95.33,78.43,78.43,78.43,78.43,78.43,95.33,101.78,134.24,166.97,159.28,154.07,133.38,153.55,153.26,139.82,133.54,133.56,133.18,133.39,115.93,101.78,101.78,95.93,166.97,78.43,120.68
2024/02/14,96.58,78.43,78.43,78.43,78.43,78.43,83.96,114.78,154.25,164.92,164.06,165.39,145,166.1,160.19,156.43,158.85,145,145,148.66,126.16,126.16,122.52,114.19,166.1,78.43,130.38
2024/02/13,100.71,77.03,77.03,77.03,77.03,77.03,83.1,100.71,160.36,179.03,176.44,176.44,145.18,153.55,153.55,151.01,154.17,145.18,145.43,133.34,108.37,101.78,100.71,101.78,179.03,77.03,126.31
2024/02/12,100.41,100.41,92.06,83.71,90.28,92.47,100.41,100.41,96.29,83.71,75.36,74.78,0,6.87,75.36,75.36,96.29,104.71,100.41,100.41,100.41,100.41,100.41,100.41,104.71,0,87.58
2024/02/11,100.41,96.29,94.81,92.24,92.38,94.06,100.41,98.31,93.38,75.02,75.61,75.02,0,6.86,66.22,69.51,69.51,96.29,100.41,100.41,100.41,100.41,101.47,101.47,101.47,0,85.93
2024/02/10,99.9,93.85,93.14,80.09,83.71,83.71,92.06,92.06,83.71,67.55,65.96,0,6.31,74.67,75.66,67.79,72.9,84.56,100.41,100.41,100.41,100.41,101.47,101.27,101.47,0,82.41
2024/02/09,92.52,83.71,77.45,77.17,77.45,77.45,80.98,76.93,77.95,75.02,75.29,75.29,74.15,74.15,75.29,75.29,92.06,96.29,100.41,99.32,100.03,100.34,100.41,100.41,100.41,74.15,85.41
2024/02/08,96.71,95.77,86.09,79.93,79.93,86.34,92.34,96.58,139.29,167.09,139.48,118.3,108.9,120.04,120.39,108.35,108.35,101.78,101.78,93.52,93.08,92.52,92.54,92.34,167.09,79.93,105.37
2024/02/07,127.84,126.08,107.1,101.78,107.34,126.08,128.2,146.81,156.54,170.68,157.3,153.55,149.37,150.75,150.27,151.32,151.32,151,151.25,146.86,146.77,136.74,131.01,136.74,170.68,101.78,141.27
2024/02/06,126.92,93.81,93.81,93.81,93.81,93.81,109.57,146.6,151.3,176.44,156.21,153.55,150.31,153.52,153.52,153.5,150.32,149.7,147.24,144.87,144.87,143.79,136.74,136.74,176.44,93.81,137.69
2024/02/05,103.33,76.91,76.91,76.91,76.91,76.91,93.78,130.04,166.59,228.89,172.5,168.52,151.28,157.26,168.52,171.1,167.34,158.05,155.5,151.36,150.29,150.1,150.08,151.01,228.89,76.91,144.12
2024/02/04,92.06,80.17,78.24,74.49,76.8,78.49,80.13,87.96,98.14,96.54,100.41,88.57,87.99,87.8,88.05,101.6,100.09,104.39,101.47,101.47,100.41,100.41,100.41,100.41,104.39,74.49,92.26
2024/02/03,101.5,83.73,83.73,77.36,77.36,78.15,92.08,92.08,101.68,110.72,109.66,109.4,94.92,108.07,107.88,107.88,104.74,101.5,105.2,101.5,98.49,92.08,92.67,97.37,110.72,77.36,97.18
2024/02/02,113.2,92.34,92.34,92.34,92.34,92.34,106.98,129.25,149.55,161.17,151.37,146.9,113.63,135.09,135.09,135.07,149.05,135.11,135.13,134.86,133.45,133.45,114.05,133.59,161.17,92.34,127
2024/02/01,101.78,77.6,77.69,77.67,77.53,83.96,96.58,129.61,167.14,170.68,181.33,170.68,152.52,152.56,152.56,154.06,152.56,150.54,150.54,150.54,133.32,127.67,126.38,126.08,181.33,77.53,134.02
2024/01/31,143.29,106.92,105.83,104.31,105.94,109.05,125.12,142.9,175.05,209.36,190.64,181.22,165.06,175.16,182.39,168.69,171.27,164.86,164.87,151.89,141.05,139.49,138.59,138.98,209.36,104.31,153.15
2024/01/30,139.49,96.58,92.87,92.87,92.87,104.31,125.12,143.59,167.4,195.14,175.32,170.37,164.49,182.4,166.53,167.4,177.36,165.28,164.49,162.61,162.61,151.26,151.33,151.08,195.14,92.87,150.7
2024/01/29,80.92,75.88,75.37,75.37,75.88,77.08,87.48,139.64,171.14,201.24,174.64,179.45,164.87,164.9,167.4,165.36,189.27,165.45,165.52,159.52,141.44,141.44,141.44,139.49,201.24,75.37,142.89
2024/01/28,96.48,85.11,78.69,78.69,78.69,78.69,85.05,88.07,89.03,89.25,89.21,89.17,89.13,87.91,87.91,84.92,89.05,89.45,117.92,117.7,117.62,95.74,96.3,96.69,117.92,78.69,92.05
2024/01/27,111.65,97.53,84.38,84.38,84.38,84.47,89,106.84,142.26,142.17,155.46,143.63,136.82,136.95,135.96,139.91,133.43,141.77,141.87,141.79,138.22,108.11,108.19,110.27,155.46,84.38,120.84
2024/01/26,160.36,125.12,114.72,114.72,114.72,114.72,139.49,162.16,169.33,190.97,173.86,169.39,159.74,166,166.01,167.38,167.53,167.38,164.19,162.48,162.43,162.46,141.73,162.46,190.97,114.72,155.69
2024/01/25,142.71,114.72,114.72,114.72,114.72,114.72,132.9,158.34,166.34,194.52,167.8,167.74,164.12,167.66,167.63,177.49,167.63,167.69,167.72,167.23,165.2,165.05,165.08,165.1,194.52,114.72,156.66
2024/01/24,167.07,143,134.45,134.45,135.09,135.09,143.1,167.08,177.17,208.22,175.93,172.74,168.34,168.37,166.68,166.37,168.22,167.4,167.4,166.27,165.4,164.11,163.81,164.11,208.22,134.45,163.39
2024/01/23,143.1,131.42,131.42,131.42,131.42,131.42,137.85,167.39,168.32,198.32,187.07,180.2,164.6,167.03,172.11,189.16,185.47,182.43,172.31,167.38,165.52,163.27,163.25,167.07,198.32,131.42,164.48
2024/01/22,104.31,80.32,80.32,80.32,80.32,80.32,83.96,139.49,177.37,198.32,198.32,179,167.4,167.4,179,191.39,167.4,167.4,167.41,167.41,161.94,139.49,139.49,141.64,198.32,80.32,148.7
2024/01/21,135.9,88.89,78.49,77.3,77.3,78.46,78.49,78.49,87.75,104,114.37,88.81,85.68,104,104,111.36,126.06,130.64,134.6,132.49,119.62,109.86,109.82,114.37,135.9,77.3,103.89
2024/01/20,112.69,84.59,84.54,80.76,80.76,84.54,87.3,86.75,132.03,138.7,139.16,139.15,126.55,130.68,135.24,130.28,119.65,119.65,131.06,125.88,124.78,114.4,107.81,114.4,139.16,80.76,114.21
2024/01/19,97.4,91.74,91.74,91.74,91.74,91.74,114.72,142.8,167.38,207.99,178.02,167.36,167.36,167.35,167.35,167.4,167.36,167.36,167.36,162.11,152.71,141.05,131.89,141.05,207.99,91.74,145.89
2024/01/18,97.44,90.96,90.96,90.96,90.96,90.96,114.72,141.05,167.97,197.68,189.39,186.73,167.96,167.95,169.73,169.73,167.95,167.96,167.96,167.96,140.76,139.49,131.94,140.76,197.68,90.96,147.06
2024/01/17,126.44,106.55,106.55,107.11,106.55,106.55,114.72,141.83,177.55,177.63,185.39,177.63,165.96,167.39,167.81,167.7,167.39,165.96,164.75,163.71,163.71,159.59,139.49,163.37,185.39,106.55,152.17
2024/01/16,142.12,104.31,91.78,91.78,91.78,91.78,126.44,143.43,167.46,177.28,170.36,177.59,165.08,167.19,167.34,167.24,167.42,165.1,165.09,162.33,160.38,153.98,137.63,154.22,177.59,91.78,148.42
2024/01/15,95.66,78.7,78.7,78.7,78.7,78.7,91.72,144.08,176.28,200.65,182.4,177.38,165.73,165.74,167.41,167.4,167.4,165.76,165.52,164.38,162.75,162.57,162.57,162.57,200.65,78.7,147.8
2024/01/14,87.91,80.7,77.51,77.51,77.51,79.51,80.7,80.7,86.86,77.45,77.45,77.45,77.45,86.52,86.83,86.51,88.89,88.89,100.22,89.13,95.69,95.6,89.17,89.21,100.22,77.45,85.11
2024/01/13,133.69,122.14,105.36,105.36,105.36,106.29,122.14,122.14,122.17,121.72,124.78,124.78,105.36,105.36,105.36,106.9,114.4,135.71,139.57,167.73,138.61,136.05,138.09,134.6,167.73,105.36,123.23
2024/01/12,121.72,93.48,91.93,80.46,93.39,92.61,109.16,144.58,168.02,195.39,170.69,168.01,147.25,147.13,147.13,147.13,164.41,161.94,162.97,161.94,161.95,139.85,135.44,142.55,195.39,80.46,141.63
2024/01/11,121.71,92.59,92.59,92.59,92.59,92.59,111.15,162.43,175.06,190.83,172.13,163.33,162.41,162.41,162.41,162.41,162.52,162.52,162.81,164.54,162.42,162.42,141.24,158.84,190.83,92.59,147.61
2024/01/10,121.72,92.43,92.43,92.43,92.43,92.43,100.53,143.39,172.77,227.73,175.74,177.67,163.54,166.63,166.65,166.65,163.54,163.97,163.55,163.55,163.55,141.44,141.44,141.44,227.73,92.43,148.37
2024/01/09,139.85,107.27,107.15,107.09,107.42,107.47,121.71,143.29,166.64,200.47,167.4,167.4,164.34,166.63,167.4,190.83,166.63,166.63,165.52,162.39,162.14,157.65,141.24,154.24,200.47,107.09,153.04
2024/01/08,81.62,79.63,79.63,79.63,79.63,79.63,79.63,139.85,162.76,187.61,188.5,177.71,164.88,166.51,178.53,189.16,166.51,166.51,164.89,164.37,163.63,163.65,158.73,142.12,189.16,79.63,147.34
2024/01/07,89.17,87.95,77.6,77.6,77.6,77.6,88.07,88.07,88.15,85.33,89.37,85.35,89.29,89.29,85.22,89.29,89.29,116.72,118.83,118.81,117.36,92.12,92.12,92.12,118.83,77.6,92.36
2024/01/06,88.92,87.75,84.4,84.39,84.42,86.75,89,108.56,112.71,134.95,135.71,143.87,135.5,135.5,135.71,135.71,135,134.8,133.76,133.75,133.66,110.5,107.14,88.96,143.87,84.39,115.07
2024/01/05,107.46,83.79,83.79,83.79,83.79,83.79,87.05,142.51,171.78,195.14,171.78,167.75,143.27,144.34,159.16,174.09,164.8,161,159.16,159.16,159.16,137.48,110.76,137.54,195.14,83.79,139.28
2024/01/04,121.71,87.64,81.58,76.92,76.92,80.56,107.23,121.74,167.4,201.5,188.28,168.61,145.58,165.52,164.75,164.84,143.67,143.86,143.96,144.16,139.23,133.77,133.79,133.79,201.5,76.92,137.29
2024/01/03,92.52,92.5,92.5,92.5,92.5,92.5,92.52,143,167.4,227.73,175.28,167.4,167.26,167.26,167.26,167.27,162.1,160.83,159.63,159.13,158.5,141.44,121.7,141.73,227.73,92.5,145.22
2024/01/02,78.55,76.47,76.47,76.47,76.47,76.47,76.47,121.71,155.46,194.8,197.69,178.03,166.12,175.04,175.04,175.04,166.12,166.12,166.12,166.12,154.25,140.95,137.35,132.79,197.69,76.47,143.27
2024/01/01,94.09,87.91,78.86,78.86,78.86,78.86,78.86,87.91,89.05,89.13,89.09,89.01,85.66,85.44,85.46,88.85,115.86,120.39,118.15,94.09,94.09,88.97,94.07,94.09,120.39,78.86,91.51
